Month,Familia,Product_Code,Forecast_Product
2025-01,Baby Jakard,5602IMD181306,5.772127670328208
2025-01,Baby Jakard,5602IMD181307,5.439440196534076
2025-01,Baby Jakard,5602IMD181309,3.9556540634122426
2025-01,Baby Jakard,5602IMD181310,5.191588028557447
2025-01,Baby Jakard,5602IMD181311,4.840602743704636
2025-01,Baby Jakard,5602IMD181315,6.853361960159141
2025-01,Baby Jakard,5602IMD181316,6.981446637569882
2025-01,Baby Jakard,5602IMD181317,6.271158881019408
2025-01,Baby Jakard,5602IMD181318,5.186597716450534
2025-01,Baby Jakard,5602IMD181319,6.346013562623089
2025-01,Baby Soft,1148AN1010003,46.49307446273009
2025-01,Baby Soft,1148AN1010014,26.61666134089961
2025-01,Baby Soft,1148AN1010024,20.397069018318298
2025-01,Baby Soft,1148AN1010026,45.960774504659476
2025-01,Baby Soft,1148AN1010034,33.1439895767405
2025-01,Baby Soft,1148AN1010039,34.250175427106
2025-01,Baby Soft,1148AN1010041,29.808797651954322
2025-01,Baby Soft,1148AN1010050,20.36380027093888
2025-01,Baby Soft,1148AN1010081,41.71069202693943
2025-01,Baby Soft,1148AN1010229,39.12903723029696
2025-01,Baby Soft,1148AN1010439,26.265676056046804
2025-01,Baby Soft,1148AN1010730,30.20802262050728
2025-01,Baby Soft,1148AN1010734,37.17782519649436
2025-01,Baby Soft,1148AN1010812,23.617483764645502
2025-01,Baby Soft,1148AN1010831,22.762476956994583
2025-01,Baby Soft,1148AN1010875,30.678775395925978
2025-01,Baby Soft,1148AN1010888,40.68934148239144
2025-01,Baby Soft,1148AN1011102,128.79662860466067
2025-01,Baby Soft,1148AN1011302,61.934763558884775
2025-01,Baby Soft,1148AN1013401,25.918017645931933
2025-01,Baby Soft,1148AN1013602,29.66407860085387
2025-01,Baby Soft,1148AN1013902,15.015849129698193
2025-01,Baby Soft,1148AN1014204,18.861716326758373
2025-01,Baby Soft,1148AN1016402,17.271470202022414
2025-01,Baby Soft,1148AN1018902,47.64084624731985
2025-01,Bebe 100,5615IMD100208,10.912149140447564
2025-01,Bebe 100,5615IMD100215,3.27697161687221
2025-01,Bebe 100,5615IMD100217,1.8314445432367021
2025-01,Bebe 100,5615IMD100247,0.9315249266235724
2025-01,Bebe 100,5615IMD101036,0.7319124423470926
2025-01,Bebe 100,5615IMD101199,0.7651811897265058
2025-01,Bebe 100,5615IMD102197,4.32493715932373
2025-01,Bebe 100,5615IMD102587,2.3038607560243713
2025-01,Bebe 100,5615IMD103641,1.9545389085405314
2025-01,Bebe 100,5615IMD104895,2.3870326244729045
2025-01,Bebe 100,5615IMD110094,1.9628560953853849
2025-01,Bebe 100,5615IMD123070,1.7549264242640517
2025-01,Bebe 100,5615IMD199054,2.428618558697171
2025-01,Lolipop,5601IMD180430,13.773261415077105
2025-01,Lolipop,5601IMD180431,12.683709938401321
2025-01,Lolipop,5601IMD180432,13.051329596943837
2025-01,Lolipop,5601IMD180433,10.429752303446069
2025-01,Lolipop,5601IMD180434,14.272292625768305
2025-01,Lolipop,5601IMD180437,12.276167783003508
2025-01,Lolipop,5601IMD180440,17.140058649873733
2025-01,Lolipop,5601IMD180563,12.956513666912508
2025-01,Lolipop,5601IMD181117,8.93265867137247
2025-01,Super Nene,1140NA1010001,22.020583890433667
2025-01,Super Nene,1140NA1010003,37.32919799707069
2025-01,Super Nene,1140NA1010004,11.870289064974667
2025-01,Super Nene,1140NA1010005,18.946551632575872
2025-01,Super Nene,1140NA1010007,17.096809278280496
2025-01,Super Nene,1140NA1010008,13.665137986094013
2025-01,Super Nene,1140NA1010009,4.308302785634022
2025-01,Super Nene,1140NA1010011,0.01663437368970665
2025-01,Super Nene,1140NA1010026,35.293150657450596
2025-01,Super Nene,1140NA1010033,0.09980624213823991
2025-01,Super Nene,1140NA1010034,24.821812419780265
2025-01,Super Nene,1140NA1010073,34.912223499956326
2025-01,Super Nene,1140NA1010439,17.081838341959763
2025-01,Super Nene,1140NA1010730,34.38325041662365
2025-01,Super Nene,1140NA1010731,20.826235859512725
2025-01,Super Nene,1140NA1010732,17.28477770097418
2025-01,Super Nene,1140NA1010734,22.922166944415764
2025-01,Super Nene,1140NA1010829,23.166692237654452
2025-01,Super Nene,1140NA1011102,105.36045951323295
2025-01,Super Nene,1140NA1011302,24.28618558697171
2025-01,Super Nene,1140NA1013303,0.0665374947588266
2025-01,Super Nene,1140NA1013952,24.550672128638045
2025-01,Super Nene,1140NA1016902,0.9481593003132791
2025-01,Super Nene,1140NA1018902,35.66576062810003
2025-02,Baby Jakard,5602IMD181306,7.690544075973851
2025-02,Baby Jakard,5602IMD181307,7.247285051422044
2025-02,Baby Jakard,5602IMD181309,5.270349801920986
2025-02,Baby Jakard,5602IMD181310,6.917057078130949
2025-02,Baby Jakard,5602IMD181311,6.449418807228792
2025-02,Baby Jakard,5602IMD181315,9.131135905767223
2025-02,Baby Jakard,5602IMD181316,9.301790630219669
2025-02,Baby Jakard,5602IMD181317,8.355432612801561
2025-02,Baby Jakard,5602IMD181318,6.910408192762671
2025-02,Baby Jakard,5602IMD181319,8.455165893325718
2025-02,Baby Soft,1148AN1010003,61.945448681115025
2025-02,Baby Soft,1148AN1010014,35.46293825926731
2025-02,Baby Soft,1148AN1010024,27.176210795271288
2025-02,Baby Soft,1148AN1010026,61.23623424183213
2025-02,Baby Soft,1148AN1010034,44.15968032097376
2025-02,Baby Soft,1148AN1010039,45.63351657760853
2025-02,Baby Soft,1148AN1010041,39.716008599841906
2025-02,Baby Soft,1148AN1010050,27.131884892816103
2025-02,Baby Soft,1148AN1010081,55.57360020318279
2025-02,Baby Soft,1148AN1010229,52.13391017266078
2025-02,Baby Soft,1148AN1010439,34.99529998836516
2025-02,Baby Soft,1148AN1010730,40.24791942930407
2025-02,Baby Soft,1148AN1010734,49.534195993664426
2025-02,Baby Soft,1148AN1010812,31.466958152932776
2025-02,Baby Soft,1148AN1010831,30.327782459834633
2025-02,Baby Soft,1148AN1010875,40.87513094904488
2025-02,Baby Soft,1148AN1010888,54.21279499780875
2025-02,Baby Soft,1148AN1011102,171.60329876498656
2025-02,Baby Soft,1148AN1011302,82.51931630568714
2025-02,Baby Soft,1148AN1013401,34.53209430770852
2025-02,Baby Soft,1148AN1013602,39.52319092416187
2025-02,Baby Soft,1148AN1013902,20.006496073145808
2025-02,Baby Soft,1148AN1014204,25.1305703969647
2025-02,Baby Soft,1148AN1016402,23.011792259607056
2025-02,Baby Soft,1148AN1018902,63.47469231581876
2025-02,Bebe 100,5615IMD100208,14.53889600529927
2025-02,Bebe 100,5615IMD100215,4.366101391835299
2025-02,Bebe 100,5615IMD100217,2.4401409301576975
2025-02,Bebe 100,5615IMD100247,1.2411252687450596
2025-02,Bebe 100,5615IMD101036,0.9751698540139754
2025-02,Bebe 100,5615IMD101199,1.019495756469156
2025-02,Bebe 100,5615IMD102197,5.762367319173491
2025-02,Bebe 100,5615IMD102587,3.0695687450212636
2025-02,Bebe 100,5615IMD103641,2.6041467692418663
2025-02,Bebe 100,5615IMD104895,3.1803835011592154
2025-02,Bebe 100,5615IMD110094,2.6152282448556616
2025-02,Bebe 100,5615IMD123070,2.3381913545107817
2025-02,Bebe 100,5615IMD199054,3.2357908792281913
2025-02,Lolipop,5601IMD180430,18.350923616444806
2025-02,Lolipop,5601IMD180431,16.89925031103764
2025-02,Lolipop,5601IMD180432,17.389051533167386
2025-02,Lolipop,5601IMD180433,13.896170419699148
2025-02,Lolipop,5601IMD180434,19.015812153272517
2025-02,Lolipop,5601IMD180437,16.356258005961678
2025-02,Lolipop,5601IMD180440,22.836704944909094
2025-02,Lolipop,5601IMD180563,17.26272271117012
2025-02,Lolipop,5601IMD181117,11.901504809216014
2025-02,Super Nene,1140NA1010001,29.339314835084103
2025-02,Super Nene,1140NA1010003,49.7358788498355
2025-02,Super Nene,1140NA1010004,15.815481996008472
2025-02,Super Nene,1140NA1010005,25.243601448225405
2025-02,Super Nene,1140NA1010007,22.77908127171736
2025-02,Super Nene,1140NA1010008,18.20686443346547
2025-02,Super Nene,1140NA1010009,5.7402043679459
2025-02,Super Nene,1140NA1010011,0.022162951227590346
2025-02,Super Nene,1140NA1010026,47.02313361957844
2025-02,Super Nene,1140NA1010033,0.1329777073655421
2025-02,Super Nene,1140NA1010034,33.07155582181032
2025-02,Super Nene,1140NA1010073,46.51560203646663
2025-02,Super Nene,1140NA1010439,22.75913461561253
2025-02,Super Nene,1140NA1010730,45.81082018742925
2025-02,Super Nene,1140NA1010731,27.748014936943115
2025-02,Super Nene,1140NA1010732,23.029522620589127
2025-02,Super Nene,1140NA1010734,30.540546791619498
2025-02,Super Nene,1140NA1010829,30.86634217466508
2025-02,Super Nene,1140NA1011102,140.3779167804345
2025-02,Super Nene,1140NA1011302,32.357908792281904
2025-02,Super Nene,1140NA1013303,0.08865180491036138
2025-02,Super Nene,1140NA1013952,32.71029971680059
2025-02,Super Nene,1140NA1016902,1.2632882199726498
2025-02,Super Nene,1140NA1018902,47.519583727076466
2025-03,Baby Jakard,5602IMD181306,11.540686094989539
2025-03,Baby Jakard,5602IMD181307,10.875516867612621
2025-03,Baby Jakard,5602IMD181309,7.908862113511564
2025-03,Baby Jakard,5602IMD181310,10.379965793216817
2025-03,Baby Jakard,5602IMD181311,9.678212258334167
2025-03,Baby Jakard,5602IMD181315,13.702486083964523
2025-03,Baby Jakard,5602IMD181316,13.958576236504637
2025-03,Baby Jakard,5602IMD181317,12.538439936054916
2025-03,Baby Jakard,5602IMD181318,10.369988254806161
2025-03,Baby Jakard,5602IMD181319,12.688103012214723
2025-03,Baby Soft,1148AN1010003,92.95739952592437
2025-03,Baby Soft,1148AN1010014,53.21686403629037
2025-03,Baby Soft,1148AN1010024,40.78152533047888
2025-03,Baby Soft,1148AN1010026,91.8931287621213
2025-03,Baby Soft,1148AN1010034,66.26748427742551
2025-03,Baby Soft,1148AN1010039,68.47917195845378
2025-03,Baby Soft,1148AN1010041,59.59916277297191
2025-03,Baby Soft,1148AN1010050,40.71500840774119
2025-03,Baby Soft,1148AN1010081,83.39559188238117
2025-03,Baby Soft,1148AN1010229,78.23387867793627
2025-03,Baby Soft,1148AN1010439,52.515110501407726
2025-03,Baby Soft,1148AN1010730,60.397365845824204
2025-03,Baby Soft,1148AN1010734,74.33266115937064
2025-03,Baby Soft,1148AN1010812,47.22036345148745
2025-03,Baby Soft,1148AN1010831,45.510878537128775
2025-03,Baby Soft,1148AN1010875,61.33858030256255
2025-03,Baby Soft,1148AN1010888,81.35352235433403
2025-03,Baby Soft,1148AN1011102,257.5136146867003
2025-03,Baby Soft,1148AN1011302,123.83122921462405
2025-03,Baby Soft,1148AN1013401,51.82000865879884
2025-03,Baby Soft,1148AN1013602,59.309814159062945
2025-03,Baby Soft,1148AN1013902,30.02241307765722
2025-03,Baby Soft,1148AN1014204,37.7117693461344
2025-03,Baby Soft,1148AN1016402,34.532260439272726
2025-03,Baby Soft,1148AN1018902,95.25223336037475
2025-03,Bebe 100,5615IMD100208,21.81755065796293
2025-03,Bebe 100,5615IMD100215,6.551916889662648
2025-03,Bebe 100,5615IMD100217,3.6617565967099366
2025-03,Bebe 100,5615IMD100247,1.862473836655372
2025-03,Bebe 100,5615IMD101036,1.4633723002292207
2025-03,Bebe 100,5615IMD101199,1.5298892229669125
2025-03,Bebe 100,5615IMD102197,8.647199955899941
2025-03,Bebe 100,5615IMD102587,4.606296899585161
2025-03,Bebe 100,5615IMD103641,3.9078692108393964
2025-03,Bebe 100,5615IMD104895,4.772589206429391
2025-03,Bebe 100,5615IMD110094,3.92449844152382
2025-03,Bebe 100,5615IMD123070,3.5087676744132454
2025-03,Bebe 100,5615IMD199054,4.855735359851506
2025-03,Lolipop,5601IMD180430,27.538006013404427
2025-03,Lolipop,5601IMD180431,25.35957679374502
2025-03,Lolipop,5601IMD180432,26.094588789996514
2025-03,Lolipop,5601IMD180433,20.853055278266396
2025-03,Lolipop,5601IMD180434,28.535759854469802
2025-03,Lolipop,5601IMD180437,24.544744490208295
2025-03,Lolipop,5601IMD180440,34.269518594458845
2025-03,Lolipop,5601IMD180563,25.90501556019409
2025-03,Lolipop,5601IMD181117,17.85979375507026
2025-03,Super Nene,1140NA1010001,44.02755116007825
2025-03,Super Nene,1140NA1010003,74.63531315782716
2025-03,Super Nene,1140NA1010004,23.733238032808455
2025-03,Super Nene,1140NA1010005,37.88138749911551
2025-03,Super Nene,1140NA1010007,34.18304659489984
2025-03,Super Nene,1140NA1010008,27.321826014506932
2025-03,Super Nene,1140NA1010009,8.613941494531096
2025-03,Super Nene,1140NA1010011,0.03325846136884593
2025-03,Super Nene,1140NA1010026,70.5644774862804
2025-03,Super Nene,1140NA1010033,0.19955076821307557
2025-03,Super Nene,1140NA1010034,49.6282760545919
2025-03,Super Nene,1140NA1010073,69.80285872093386
2025-03,Super Nene,1140NA1010439,34.153113979667886
2025-03,Super Nene,1140NA1010730,68.74523964940454
2025-03,Super Nene,1140NA1010731,41.6395936337951
2025-03,Super Nene,1140NA1010732,34.5588672083678
2025-03,Super Nene,1140NA1010734,45.83015976626969
2025-03,Super Nene,1140NA1010829,46.31905914839172
2025-03,Super Nene,1140NA1011102,210.65576846413325
2025-03,Super Nene,1140NA1011302,48.55735359851506
2025-03,Super Nene,1140NA1013303,0.13303384547538372
2025-03,Super Nene,1140NA1013952,49.08616313427971
2025-03,Super Nene,1140NA1016902,1.895732298024218
2025-03,Super Nene,1140NA1018902,71.30946702094256
2025-04,Baby Jakard,5602IMD181306,13.15299501321329
2025-04,Baby Jakard,5602IMD181307,12.394897317927224
2025-04,Baby Jakard,5602IMD181309,9.013781596951357
2025-04,Baby Jakard,5602IMD181310,11.830114534939103
2025-04,Baby Jakard,5602IMD181311,11.0303214664123
2025-04,Baby Jakard,5602IMD181315,15.616812522893015
2025-04,Baby Jakard,5602IMD181316,15.908680135578152
2025-04,Baby Jakard,5602IMD181317,14.290141556142395
2025-04,Baby Jakard,5602IMD181318,11.81874306950981
2025-04,Baby Jakard,5602IMD181319,14.46071353758176
2025-04,Baby Soft,1148AN1010003,105.9441529162281
2025-04,Baby Soft,1148AN1010014,60.65160611136192
2025-04,Baby Soft,1148AN1010024,46.47896969798888
2025-04,Baby Soft,1148AN1010026,104.73119660377039
2025-04,Baby Soft,1148AN1010034,75.52548289287459
2025-04,Baby Soft,1148AN1010039,78.04615772970078
2025-04,Baby Soft,1148AN1010041,67.92555349763177
2025-04,Baby Soft,1148AN1010050,46.40315992846027
2025-04,Baby Soft,1148AN1010081,95.04649854649087
2025-04,Baby Soft,1148AN1010229,89.16366043107098
2025-04,Baby Soft,1148AN1010439,59.851813042835126
2025-04,Baby Soft,1148AN1010730,68.83527073197504
2025-04,Baby Soft,1148AN1010734,84.71741744821817
2025-04,Baby Soft,1148AN1010812,53.81735538835802
2025-04,Baby Soft,1148AN1010831,51.86904431147283
2025-04,Baby Soft,1148AN1010875,69.90797897080483
2025-04,Baby Soft,1148AN1010888,92.71913862196264
2025-04,Baby Soft,1148AN1011102,293.48994175304864
2025-04,Baby Soft,1148AN1011302,141.13125744293097
2025-04,Baby Soft,1148AN1013401,59.05960095126118
2025-04,Baby Soft,1148AN1013602,67.59578100018231
2025-04,Baby Soft,1148AN1013902,34.21673947673671
2025-04,Baby Soft,1148AN1014204,42.98034883424367
2025-04,Baby Soft,1148AN1016402,39.356641850776256
2025-04,Baby Soft,1148AN1018902,108.55958996496504
2025-04,Bebe 100,5615IMD100208,24.865604405383053
2025-04,Bebe 100,5615IMD100215,7.467262298567776
2025-04,Bebe 100,5615IMD100217,4.1733278125498074
2025-04,Bebe 100,5615IMD100247,2.1226735468009923
2025-04,Bebe 100,5615IMD101036,1.667814929629351
2025-04,Bebe 100,5615IMD101199,1.7436246991579578
2025-04,Bebe 100,5615IMD102197,9.855270038718892
2025-04,Bebe 100,5615IMD102587,5.249826539856025
2025-04,Bebe 100,5615IMD103641,4.4538239598056535
2025-04,Bebe 100,5615IMD104895,5.439350963677543
2025-04,Bebe 100,5615IMD110094,4.472776402187805
2025-04,Bebe 100,5615IMD123070,3.998965342634012
2025-04,Bebe 100,5615IMD199054,5.534113175588301
2025-04,Lolipop,5601IMD180430,31.385244584843242
2025-04,Lolipop,5601IMD180431,28.902474632781367
2025-04,Lolipop,5601IMD180432,29.74017258607247
2025-04,Lolipop,5601IMD180433,23.766362747218253
2025-04,Lolipop,5601IMD180434,32.522391127772345
2025-04,Lolipop,5601IMD180437,27.973804956055933
2025-04,Lolipop,5601IMD180440,39.05719326113826
2025-04,Lolipop,5601IMD180563,29.52411474291594
2025-04,Lolipop,5601IMD181117,20.35492311843094
2025-04,Super Nene,1140NA1010001,50.178486450984884
2025-04,Super Nene,1140NA1010003,85.06235189957333
2025-04,Super Nene,1140NA1010004,27.04892576780693
2025-04,Super Nene,1140NA1010005,43.17366374654161
2025-04,Super Nene,1140NA1010007,38.958640560751064
2025-04,Super Nene,1140NA1010008,31.13886283387527
2025-04,Super Nene,1140NA1010009,9.817365153954588
2025-04,Super Nene,1140NA1010011,0.03790488476430343
2025-04,Super Nene,1140NA1010026,80.42279400442258
2025-04,Super Nene,1140NA1010033,0.2274293085858206
2025-04,Super Nene,1140NA1010034,56.561669045293584
2025-04,Super Nene,1140NA1010073,79.55477214332005
2025-04,Super Nene,1140NA1010439,38.924526164463195
2025-04,Super Nene,1140NA1010730,78.3493968078152
2025-04,Super Nene,1140NA1010731,47.456915724907894
2025-04,Super Nene,1140NA1010732,39.38696575858769
2025-04,Super Nene,1140NA1010734,52.23293120521013
2025-04,Super Nene,1140NA1010829,52.79013301124539
2025-04,Super Nene,1140NA1011102,240.0857496086215
2025-04,Super Nene,1140NA1011302,55.341131755883005
2025-04,Super Nene,1140NA1013303,0.15161953905721373
2025-04,Super Nene,1140NA1013952,55.94381942363543
2025-04,Super Nene,1140NA1016902,2.1605784315652956
2025-04,Super Nene,1140NA1018902,81.27186342314299
2025-05,Baby Jakard,5602IMD181306,14.094310883713478
2025-05,Baby Jakard,5602IMD181307,13.281958671395698
2025-05,Baby Jakard,5602IMD181309,9.658867804458401
2025-05,Baby Jakard,5602IMD181310,12.676756273218952
2025-05,Baby Jakard,5602IMD181311,11.819724689223694
2025-05,Baby Jakard,5602IMD181315,16.73445557374626
2025-05,Baby Jakard,5602IMD181316,17.047211175488606
2025-05,Baby Jakard,5602IMD181317,15.312839202190146
2025-05,Baby Jakard,5602IMD181318,12.664570990034186
2025-05,Baby Jakard,5602IMD181319,15.495618449961647
2025-05,Baby Soft,1148AN1010003,113.5262216714097
2025-05,Baby Soft,1148AN1010014,64.99223874648395
2025-05,Baby Soft,1148AN1010024,49.80531413720307
2025-05,Baby Soft,1148AN1010026,112.22645813170125
2025-05,Baby Soft,1148AN1010034,80.93058915215879
2025-05,Baby Soft,1148AN1010039,83.63166025811542
2025-05,Baby Soft,1148AN1010041,72.78675822367306
2025-05,Baby Soft,1148AN1010050,49.72407891597129
2025-05,Baby Soft,1148AN1010081,101.8486586193416
2025-05,Baby Soft,1148AN1010229,95.54480545175565
2025-05,Baby Soft,1148AN1010439,64.1352071624887
2025-05,Baby Soft,1148AN1010730,73.76158087845438
2025-05,Baby Soft,1148AN1010734,90.78035972651186
2025-05,Baby Soft,1148AN1010812,57.668883552439176
2025-05,Baby Soft,1148AN1010831,55.58113836678248
2025-05,Baby Soft,1148AN1010875,74.91105925888405
2025-05,Baby Soft,1148AN1010888,99.35473732752604
2025-05,Baby Soft,1148AN1011102,314.4940354767052
2025-05,Baby Soft,1148AN1011302,151.23154960613942
2025-05,Baby Soft,1148AN1013401,63.28629910061661
2025-05,Baby Soft,1148AN1013602,72.43338501131481
2025-05,Baby Soft,1148AN1013902,36.66551710296298
2025-05,Baby Soft,1148AN1014204,46.05630867735652
2025-05,Baby Soft,1148AN1016402,42.17326510247752
2025-05,Baby Soft,1148AN1018902,116.32883680390603
2025-05,Bebe 100,5615IMD100208,26.64515256402317
2025-05,Bebe 100,5615IMD100215,8.001669291330128
2025-05,Bebe 100,5615IMD100217,4.471998928809376
2025-05,Bebe 100,5615IMD100247,2.2745861944897827
2025-05,Bebe 100,5615IMD101036,1.787174867099115
2025-05,Bebe 100,5615IMD101199,1.8684100883308927
2025-05,Bebe 100,5615IMD102197,10.560578760131135
2025-05,Bebe 100,5615IMD102587,5.625539070300624
2025-05,Bebe 100,5615IMD103641,4.772569247366955
2025-05,Bebe 100,5615IMD104895,5.828627123380069
2025-05,Bebe 100,5615IMD110094,4.7928780526749
2025-05,Bebe 100,5615IMD123070,4.285157919976287
2025-05,Bebe 100,5615IMD199054,5.930171149919791
2025-05,Lolipop,5601IMD180430,33.63138158995608
2025-05,Lolipop,5601IMD180431,30.97092809461535
2025-05,Lolipop,5601IMD180432,31.868577289226494
2025-05,Lolipop,5601IMD180433,25.467241856162392
2025-05,Lolipop,5601IMD180434,34.84990990843274
2025-05,Lolipop,5601IMD180437,29.97579663452607
2025-05,Lolipop,5601IMD180440,41.852385978612006
2025-05,Lolipop,5601IMD180563,31.637056908715923
2025-05,Lolipop,5601IMD181117,21.81165690073238
2025-05,Super Nene,1140NA1010001,53.76959293331383
2025-05,Super Nene,1140NA1010003,91.14997998311645
2025-05,Super Nene,1140NA1010004,28.984726935498372
2025-05,Super Nene,1140NA1010005,46.26345849149754
2025-05,Super Nene,1140NA1010007,41.746780191010686
2025-05,Super Nene,1140NA1010008,33.36736712095279
2025-05,Super Nene,1140NA1010009,10.519961149515245
2025-05,Super Nene,1140NA1010011,0.04061761061588898
2025-05,Super Nene,1140NA1010026,86.17838444373163
2025-05,Super Nene,1140NA1010033,0.24370566369533386
2025-05,Super Nene,1140NA1010034,60.609598561029536
2025-05,Super Nene,1140NA1010073,85.2482411606278
2025-05,Super Nene,1140NA1010439,41.710224341456396
2025-05,Super Nene,1140NA1010730,83.95660114304252
2025-05,Super Nene,1140NA1010731,50.853248491093
2025-05,Super Nene,1140NA1010732,42.205759190970234
2025-05,Super Nene,1140NA1010734,55.971067428695
2025-05,Super Nene,1140NA1010829,56.56814630474857
2025-05,Super Nene,1140NA1011102,257.2678838799792
2025-05,Super Nene,1140NA1011302,59.3017114991979
2025-05,Super Nene,1140NA1013303,0.1624704424635559
2025-05,Super Nene,1140NA1013952,59.94753150799054
2025-05,Super Nene,1140NA1016902,2.3152038051056714
2025-05,Super Nene,1140NA1018902,87.08821892152756
2025-06,Baby Jakard,5602IMD181306,12.639476669354456
2025-06,Baby Jakard,5602IMD181307,11.910976573138063
2025-06,Baby Jakard,5602IMD181309,8.66186614401294
2025-06,Baby Jakard,5602IMD181310,11.368244001456848
2025-06,Baby Jakard,5602IMD181311,10.599676399948551
2025-06,Baby Jakard,5602IMD181315,15.00710198205774
2025-06,Baby Jakard,5602IMD181316,15.287574519101053
2025-06,Baby Jakard,5602IMD181317,13.732226813679048
2025-06,Baby Jakard,5602IMD181318,11.357316500013601
2025-06,Baby Jakard,5602IMD181319,13.896139335327739
2025-06,Baby Soft,1148AN1010003,101.80788844624124
2025-06,Baby Soft,1148AN1010014,58.283650197792696
2025-06,Baby Soft,1148AN1010024,44.664340899027195
2025-06,Baby Soft,1148AN1010026,100.642288292295
2025-06,Baby Soft,1148AN1010034,72.57682208555838
2025-06,Baby Soft,1148AN1010039,74.9990849054779
2025-06,Baby Soft,1148AN1010041,65.27360862098902
2025-06,Baby Soft,1148AN1010050,44.591490889405556
2025-06,Baby Soft,1148AN1010081,91.33569956313055
2025-06,Baby Soft,1148AN1010229,85.68253881649133
2025-06,Baby Soft,1148AN1010439,57.51508259628441
2025-06,Baby Soft,1148AN1010730,66.1478087364487
2025-06,Baby Soft,1148AN1010734,81.40988575218216
2025-06,Baby Soft,1148AN1010812,51.7162218304019
2025-06,Baby Soft,1148AN1010831,49.843976583125766
2025-06,Baby Soft,1148AN1010875,67.1786363725949
2025-06,Baby Soft,1148AN1010888,89.09920426774622
2025-06,Baby Soft,1148AN1011102,282.0315272492153
2025-06,Baby Soft,1148AN1011302,135.6212204121252
2025-06,Baby Soft,1148AN1013401,56.75379999573827
2025-06,Baby Soft,1148AN1013602,64.95671107913488
2025-06,Baby Soft,1148AN1013902,32.880851842727
2025-06,Baby Soft,1148AN1014204,41.30231295498854
2025-06,Baby Soft,1148AN1016402,37.82008249507415
2025-06,Baby Soft,1148AN1018902,104.3212137781878
2025-06,Bebe 100,5615IMD100208,23.894803155897765
2025-06,Bebe 100,5615IMD100215,7.175725947731492
2025-06,Bebe 100,5615IMD100217,4.010393029671255
2025-06,Bebe 100,5615IMD100247,2.0398002694059065
2025-06,Bebe 100,5615IMD101036,1.6027002116760696
2025-06,Bebe 100,5615IMD101199,1.675550221297709
2025-06,Bebe 100,5615IMD102197,9.470501250813138
2025-06,Bebe 100,5615IMD102587,5.044863166298537
2025-06,Bebe 100,5615IMD103641,4.279938065271322
2025-06,Bebe 100,5615IMD104895,5.226988190352636
2025-06,Bebe 100,5615IMD110094,4.298150567676732
2025-06,Bebe 100,5615IMD123070,3.8428380075414847
2025-06,Bebe 100,5615IMD199054,5.3180507023796855
2025-06,Lolipop,5601IMD180430,30.15990398335876
2025-06,Lolipop,5601IMD180431,27.774066168250066
2025-06,Lolipop,5601IMD180432,28.579058774569184
2025-06,Lolipop,5601IMD180433,22.838478016383988
2025-06,Lolipop,5601IMD180434,31.252654127683353
2025-06,Lolipop,5601IMD180437,26.881653550384982
2025-06,Lolipop,5601IMD180440,37.53232495706868
2025-06,Lolipop,5601IMD180563,28.371436247147507
2025-06,Lolipop,5601IMD181117,19.560227583410207
2025-06,Super Nene,1140NA1010001,48.2194213685632
2025-06,Super Nene,1140NA1010003,81.74135329596062
2025-06,Super Nene,1140NA1010004,25.99288343300098
2025-06,Super Nene,1140NA1010005,41.4880804795237
2025-06,Super Nene,1140NA1010007,37.437619944560545
2025-06,Super Nene,1140NA1010008,29.923141452088434
2025-06,Super Nene,1140NA1010009,9.434076246002318
2025-06,Super Nene,1140NA1010011,0.036425004810819755
2025-06,Super Nene,1140NA1010026,77.28293270711627
2025-06,Super Nene,1140NA1010033,0.21855002886491856
2025-06,Super Nene,1140NA1010034,54.35339217870525
2025-06,Super Nene,1140NA1010073,76.44880009694853
2025-06,Super Nene,1140NA1010439,37.404837440230814
2025-06,Super Nene,1140NA1010730,75.29048494396444
2025-06,Super Nene,1140NA1010731,45.604106023146336
2025-06,Super Nene,1140NA1010732,37.849222498922806
2025-06,Super Nene,1140NA1010734,50.19365662930962
2025-06,Super Nene,1140NA1010829,50.72910420002868
2025-06,Super Nene,1140NA1011102,230.7123379712513
2025-06,Super Nene,1140NA1011302,53.18050702379685
2025-06,Super Nene,1140NA1013303,0.14570001924327902
2025-06,Super Nene,1140NA1013952,53.759664600288886
2025-06,Super Nene,1140NA1016902,2.076225274216726
2025-06,Super Nene,1140NA1018902,78.09885281487864
2025-07,Baby Jakard,5602IMD181306,14.711345565595526
2025-07,Baby Jakard,5602IMD181307,13.86342939466783
2025-07,Baby Jakard,5602IMD181309,10.081723272330306
2025-07,Baby Jakard,5602IMD181310,13.231731847326698
2025-07,Baby Jakard,5602IMD181311,12.337180286997977
2025-07,Baby Jakard,5602IMD181315,17.467073121110538
2025-07,Baby Jakard,5602IMD181316,17.7935208469177
2025-07,Baby Jakard,5602IMD181317,15.983219821987069
2025-07,Baby Jakard,5602IMD181318,13.21901310476278
2025-07,Baby Jakard,5602IMD181319,16.174000960445802
2025-07,Baby Soft,1148AN1010003,118.49628488714552
2025-07,Baby Soft,1148AN1010014,67.83753325507031
2025-07,Baby Soft,1148AN1010024,51.98574043957705
2025-07,Baby Soft,1148AN1010026,117.1396190136612
2025-07,Baby Soft,1148AN1010034,84.47364852867172
2025-07,Baby Soft,1148AN1010039,87.29296979700632
2025-07,Baby Soft,1148AN1010041,75.97328891512157
2025-07,Baby Soft,1148AN1010050,51.900948822484274
2025-07,Baby Soft,1148AN1010081,106.30748993005989
2025-07,Baby Soft,1148AN1010229,99.72766044366097
2025-07,Baby Soft,1148AN1010439,66.9429816947416
2025-07,Baby Soft,1148AN1010730,76.9907883202348
2025-07,Baby Soft,1148AN1010734,94.75463210117003
2025-07,Baby Soft,1148AN1010812,60.193568974157145
2025-07,Baby Soft,1148AN1010831,58.01442441487297
2025-07,Baby Soft,1148AN1010875,78.1905897020975
2025-07,Baby Soft,1148AN1010888,103.70438728531187
2025-07,Baby Soft,1148AN1011102,328.26226641294824
2025-07,Baby Soft,1148AN1011302,157.85231396075454
2025-07,Baby Soft,1148AN1013401,66.05690929612216
2025-07,Baby Soft,1148AN1013602,75.60444538076801
2025-07,Baby Soft,1148AN1013902,38.27069637482156
2025-07,Baby Soft,1148AN1014204,48.07260731074573
2025-07,Baby Soft,1148AN1016402,44.019568013711336
2025-07,Baby Soft,1148AN1018902,121.42159567684608
2025-07,Bebe 100,5615IMD100208,27.81165040642843
2025-07,Bebe 100,5615IMD100215,8.351974283637805
2025-07,Bebe 100,5615IMD100217,4.667778520956967
2025-07,Bebe 100,5615IMD100247,2.3741652785975487
2025-07,Bebe 100,5615IMD101036,1.8654155760409312
2025-07,Bebe 100,5615IMD101199,1.9502071931337006
2025-07,Bebe 100,5615IMD102197,11.022910222060048
2025-07,Bebe 100,5615IMD102587,5.871819483674295
2025-07,Bebe 100,5615IMD103641,4.981507504200214
2025-07,Bebe 100,5615IMD104895,6.083798526406219
2025-07,Bebe 100,5615IMD110094,5.002705408473407
2025-07,Bebe 100,5615IMD123070,4.4727578016435965
2025-07,Bebe 100,5615IMD199054,6.189788047772181
2025-07,Lolipop,5601IMD180430,35.10372947640661
2025-07,Lolipop,5601IMD180431,32.32680401661841
2025-07,Lolipop,5601IMD180432,33.263751385493514
2025-07,Lolipop,5601IMD180433,26.58217195858327
2025-07,Lolipop,5601IMD180434,36.375603732798155
2025-07,Lolipop,5601IMD180437,31.288106707231982
2025-07,Lolipop,5601IMD180440,43.6846411261949
2025-07,Lolipop,5601IMD180563,33.02209527677912
2025-07,Lolipop,5601IMD181117,22.766549189408636
2025-07,Super Nene,1140NA1010001,56.12357135370419
2025-07,Super Nene,1140NA1010003,95.14043395894213
2025-07,Super Nene,1140NA1010004,30.25364897870019
2025-07,Super Nene,1140NA1010005,48.28882593433228
2025-07,Super Nene,1140NA1010007,43.57441202397429
2025-07,Super Nene,1140NA1010008,34.82815672085511
2025-07,Super Nene,1140NA1010009,10.980514413513662
2025-07,Super Nene,1140NA1010011,0.04239580854638479
2025-07,Super Nene,1140NA1010026,89.9511869928646
2025-07,Super Nene,1140NA1010033,0.2543748512783088
2025-07,Super Nene,1140NA1010034,63.2630255129154
2025-07,Super Nene,1140NA1010073,88.98032297715243
2025-07,Super Nene,1140NA1010439,43.53625579628255
2025-07,Super Nene,1140NA1010730,87.63213626537738
2025-07,Super Nene,1140NA1010731,53.07955230007376
2025-07,Super Nene,1140NA1010732,44.053484660548435
2025-07,Super Nene,1140NA1010734,58.421424176918244
2025-07,Super Nene,1140NA1010829,59.0446425625501
2025-07,Super Nene,1140NA1011102,268.53081175194666
2025-07,Super Nene,1140NA1011302,61.8978804777218
2025-07,Super Nene,1140NA1013303,0.16958323418553917
2025-07,Super Nene,1140NA1013952,62.57197383360932
2025-07,Super Nene,1140NA1016902,2.416561087143933
2025-07,Super Nene,1140NA1018902,90.90085310430364
2025-08,Baby Jakard,5602IMD181306,9.570241712173594
2025-08,Baby Jakard,5602IMD181307,9.018642766226991
2025-08,Baby Jakard,5602IMD181309,6.5585114673051335
2025-08,Baby Jakard,5602IMD181310,8.60770155149677
2025-08,Baby Jakard,5602IMD181311,8.025764663523102
2025-08,Baby Jakard,5602IMD181315,11.36293828650006
2025-08,Baby Jakard,5602IMD181316,11.575303880689503
2025-08,Baby Jakard,5602IMD181317,10.397640131093501
2025-08,Baby Jakard,5602IMD181318,8.59942756730757
2025-08,Baby Jakard,5602IMD181319,10.521749893931489
2025-08,Baby Soft,1148AN1010003,77.08595269603804
2025-08,Baby Soft,1148AN1010014,44.130673670458116
2025-08,Baby Soft,1148AN1010024,33.818531375986346
2025-08,Baby Soft,1148AN1010026,76.20339438252346
2025-08,Baby Soft,1148AN1010034,54.953044989930504
2025-08,Baby Soft,1148AN1010039,56.78711148520298
2025-08,Baby Soft,1148AN1010041,49.4232655568158
2025-08,Baby Soft,1148AN1010050,33.76337148139169
2025-08,Baby Soft,1148AN1010081,69.15671784805558
2025-08,Baby Soft,1148AN1010229,64.87631002750993
2025-08,Baby Soft,1148AN1010439,43.548736782484454
2025-08,Baby Soft,1148AN1010730,50.08518429195172
2025-08,Baby Soft,1148AN1010734,61.64118220953309
2025-08,Baby Soft,1148AN1010812,39.15800917274948
2025-08,Baby Soft,1148AN1010831,37.740399881666704
2025-08,Baby Soft,1148AN1010875,50.86569680046617
2025-08,Baby Soft,1148AN1010888,67.4633090839995
2025-08,Baby Soft,1148AN1011102,213.54601593376862
2025-08,Baby Soft,1148AN1011302,102.68841777214969
2025-08,Baby Soft,1148AN1013401,42.972315883970246
2025-08,Baby Soft,1148AN1013602,49.18332001532902
2025-08,Baby Soft,1148AN1013902,24.89641842530001
2025-08,Baby Soft,1148AN1014204,31.272902240442768
2025-08,Baby Soft,1148AN1016402,28.636259278817988
2025-08,Baby Soft,1148AN1018902,78.98896905955381
2025-08,Bebe 100,5615IMD100208,18.09244542704864
2025-08,Bebe 100,5615IMD100215,5.433249617574058
2025-08,Bebe 100,5615IMD100217,3.03655219743606
2025-08,Bebe 100,5615IMD100247,1.5444770486504935
2025-08,Bebe 100,5615IMD101036,1.2135176810825308
2025-08,Bebe 100,5615IMD101199,1.268677575677191
2025-08,Bebe 100,5615IMD102197,7.170786297305864
2025-08,Bebe 100,5615IMD102587,3.819822700680239
2025-08,Bebe 100,5615IMD103641,3.2406438074363035
2025-08,Bebe 100,5615IMD104895,3.95772243716689
2025-08,Bebe 100,5615IMD110094,3.254433781084969
2025-08,Bebe 100,5615IMD123070,2.909684439868341
2025-08,Bebe 100,5615IMD199054,4.026672305410216
2025-08,Lolipop,5601IMD180430,22.83619636218944
2025-08,Lolipop,5601IMD180431,21.02970981421431
2025-08,Lolipop,5601IMD180432,21.639226649485305
2025-08,Lolipop,5601IMD180433,17.292626955426062
2025-08,Lolipop,5601IMD180434,23.663594781109346
2025-08,Lolipop,5601IMD180437,20.354001105429717
2025-08,Lolipop,5601IMD180440,28.41837769516908
2025-08,Lolipop,5601IMD180563,21.482020949890522
2025-08,Lolipop,5601IMD181117,14.810431698666338
2025-08,Super Nene,1140NA1010001,36.51033423220578
2025-08,Super Nene,1140NA1010003,61.892159729938804
2025-08,Super Nene,1140NA1010004,19.681050391374864
2025-08,Super Nene,1140NA1010005,31.413559971659144
2025-08,Super Nene,1140NA1010007,28.34666983219602
2025-08,Super Nene,1140NA1010008,22.656926704756795
2025-08,Super Nene,1140NA1010009,7.1432063500085325
2025-08,Super Nene,1140NA1010011,0.02757994729733024
2025-08,Super Nene,1140NA1010026,58.51637418074557
2025-08,Super Nene,1140NA1010033,0.16547968378398148
2025-08,Super Nene,1140NA1010034,41.15479735707619
2025-08,Super Nene,1140NA1010073,57.884793387636726
2025-08,Super Nene,1140NA1010439,28.32184787962843
2025-08,Super Nene,1140NA1010730,57.007751063581615
2025-08,Super Nene,1140NA1010731,34.530094016257465
2025-08,Super Nene,1140NA1010732,28.658323236655853
2025-08,Super Nene,1140NA1010734,38.00516737572107
2025-08,Super Nene,1140NA1010829,38.41059260099183
2025-08,Super Nene,1140NA1011102,174.68862818656004
2025-08,Super Nene,1140NA1011302,40.26672305410215
2025-08,Super Nene,1140NA1013303,0.11031978918932096
2025-08,Super Nene,1140NA1013952,40.70524421612971
2025-08,Super Nene,1140NA1016902,1.5720569959478239
2025-08,Super Nene,1140NA1018902,59.134165000205776
2025-09,Baby Jakard,5602IMD181306,7.200792826774165
2025-09,Baby Jakard,5602IMD181307,6.785761539928393
2025-09,Baby Jakard,5602IMD181309,4.934722000596245
2025-09,Baby Jakard,5602IMD181310,6.476563231228292
2025-09,Baby Jakard,5602IMD181311,6.038705223606001
2025-09,Baby Jakard,5602IMD181315,8.549644509022928
2025-09,Baby Jakard,5602IMD181316,8.70943155445855
2025-09,Baby Jakard,5602IMD181317,7.823339757042825
2025-09,Baby Jakard,5602IMD181318,6.470337761925605
2025-09,Baby Jakard,5602IMD181319,7.916721796583125
2025-09,Baby Soft,1148AN1010003,58.000622336696814
2025-09,Baby Soft,1148AN1010014,33.204578104096086
2025-09,Baby Soft,1148AN1010024,25.445568196514362
2025-09,Baby Soft,1148AN1010026,57.33657227774357
2025-09,Baby Soft,1148AN1010034,41.34749195201016
2025-09,Baby Soft,1148AN1010039,42.72747098077236
2025-09,Baby Soft,1148AN1010041,37.18680330138129
2025-09,Baby Soft,1148AN1010050,25.40406506782978
2025-09,Baby Soft,1148AN1010081,52.03454758828882
2025-09,Baby Soft,1148AN1010229,48.81390480236562
2025-09,Baby Soft,1148AN1010439,32.7667200964738
2025-09,Baby Soft,1148AN1010730,37.68484084559621
2025-09,Baby Soft,1148AN1010734,46.37974630501516
2025-09,Baby Soft,1148AN1010812,29.463071053181444
2025-09,Baby Soft,1148AN1010831,28.39644064598781
2025-09,Baby Soft,1148AN1010875,38.272110116482985
2025-09,Baby Soft,1148AN1010888,50.7604015376723
2025-09,Baby Soft,1148AN1011102,160.67521238947268
2025-09,Baby Soft,1148AN1011302,77.26429951564337
2025-09,Baby Soft,1148AN1013401,32.33301240171996
2025-09,Baby Soft,1148AN1013602,37.00626469160337
2025-09,Baby Soft,1148AN1013902,18.732437131783975
2025-09,Baby Soft,1148AN1014204,23.530198807721117
2025-09,Baby Soft,1148AN1016402,21.54634925659832
2025-09,Baby Soft,1148AN1018902,59.43248027631473
2025-09,Bebe 100,5615IMD100208,13.613026208541362
2025-09,Bebe 100,5615IMD100215,4.088058175430866
2025-09,Bebe 100,5615IMD100217,2.2847472340859816
2025-09,Bebe 100,5615IMD100247,1.162087603168165
2025-09,Bebe 100,5615IMD101036,0.913068831060701
2025-09,Bebe 100,5615IMD101199,0.9545719597452783
2025-09,Bebe 100,5615IMD102197,5.395406728995052
2025-09,Bebe 100,5615IMD102587,2.87409166140698
2025-09,Bebe 100,5615IMD103641,2.4383088102189174
2025-09,Bebe 100,5615IMD104895,2.977849483118423
2025-09,Bebe 100,5615IMD110094,2.448684592390062
2025-09,Bebe 100,5615IMD123070,2.1892900381114537
2025-09,Bebe 100,5615IMD199054,3.0297283939741444
2025-09,Lolipop,5601IMD180430,17.182295275415008
2025-09,Lolipop,5601IMD180431,15.823067810995102
2025-09,Lolipop,5601IMD180432,16.281677382959682
2025-09,Lolipop,5601IMD180433,13.011230842614989
2025-09,Lolipop,5601IMD180434,17.80484220568367
2025-09,Lolipop,5601IMD180437,15.314654484609031
2025-09,Lolipop,5601IMD180440,21.382411898294233
2025-09,Lolipop,5601IMD180563,16.163393466208635
2025-09,Lolipop,5601IMD181117,11.143590051809008
2025-09,Super Nene,1140NA1010001,27.47092087632173
2025-09,Super Nene,1140NA1010003,46.56858554052999
2025-09,Super Nene,1140NA1010004,14.808316314657189
2025-09,Super Nene,1140NA1010005,23.636031785866784
2025-09,Super Nene,1140NA1010007,21.328457831004282
2025-09,Super Nene,1140NA1010008,17.047410107190135
2025-09,Super Nene,1140NA1010009,5.374655164652763
2025-09,Super Nene,1140NA1010011,0.02075156434228866
2025-09,Super Nene,1140NA1010026,44.02859406503385
2025-09,Super Nene,1140NA1010033,0.12450938605373198
2025-09,Super Nene,1140NA1010034,30.96548431156314
2025-09,Super Nene,1140NA1010073,43.55338324159545
2025-09,Super Nene,1140NA1010439,21.30978142309623
2025-09,Super Nene,1140NA1010730,42.893483495510665
2025-09,Super Nene,1140NA1010731,25.980958556545403
2025-09,Super Nene,1140NA1010732,21.562950508072145
2025-09,Super Nene,1140NA1010734,28.59565566367377
2025-09,Super Nene,1140NA1010829,28.900703659505417
2025-09,Super Nene,1140NA1011102,131.43833338762215
2025-09,Super Nene,1140NA1011302,30.297283939741444
2025-09,Super Nene,1140NA1013303,0.08300625736915464
2025-09,Super Nene,1140NA1013952,30.627233812783835
2025-09,Super Nene,1140NA1016902,1.1828391675104537
2025-09,Super Nene,1140NA1018902,44.493429106301114
2025-10,Baby Jakard,5602IMD181306,9.412705027695566
2025-10,Baby Jakard,5602IMD181307,8.87018600592637
2025-10,Baby Jakard,5602IMD181309,6.450551168835752
2025-10,Baby Jakard,5602IMD181310,8.46600933470832
2025-10,Baby Jakard,5602IMD181311,7.893651766741816
2025-10,Baby Jakard,5602IMD181315,11.175891848445456
2025-10,Baby Jakard,5602IMD181316,11.384761671826597
2025-10,Baby Jakard,5602IMD181317,10.226483560349362
2025-10,Baby Jakard,5602IMD181318,8.45787154938178
2025-10,Baby Jakard,5602IMD181319,10.348550340247431
2025-10,Baby Soft,1148AN1010003,75.81703329224527
2025-10,Baby Soft,1148AN1010014,43.40423433664459
2025-10,Baby Soft,1148AN1010024,33.26184122466946
2025-10,Baby Soft,1148AN1010026,74.94900285741454
2025-10,Baby Soft,1148AN1010034,54.048457543756236
2025-10,Baby Soft,1148AN1010039,55.85233329113883
2025-10,Baby Soft,1148AN1010041,48.60970435052005
2025-10,Baby Soft,1148AN1010050,33.20758932249254
2025-10,Baby Soft,1148AN1010081,68.01832235431306
2025-10,Baby Soft,1148AN1010229,63.80837474538409
2025-10,Baby Soft,1148AN1010439,42.83187676867809
2025-10,Baby Soft,1148AN1010730,49.26072717664307
2025-10,Baby Soft,1148AN1010734,60.62650068270775
2025-10,Baby Soft,1148AN1010812,38.513425355395285
2025-10,Baby Soft,1148AN1010831,37.119151469448454
2025-10,Baby Soft,1148AN1010875,50.02839159244649
2025-10,Baby Soft,1148AN1010888,66.35278895748162
2025-10,Baby Soft,1148AN1011102,210.0308140877269
2025-10,Baby Soft,1148AN1011302,100.99805368766253
2025-10,Baby Soft,1148AN1013401,42.26494439092928
2025-10,Baby Soft,1148AN1013602,48.37370857605044
2025-10,Baby Soft,1148AN1013902,24.486596047552702
2025-10,Baby Soft,1148AN1014204,30.75811593920462
2025-10,Baby Soft,1148AN1016402,28.164875015147853
2025-10,Baby Soft,1148AN1018902,77.688723917349
2025-10,Bebe 100,5615IMD100208,17.794623914029657
2025-10,Bebe 100,5615IMD100215,5.343812364426589
2025-10,Bebe 100,5615IMD100217,2.9865672148394284
2025-10,Bebe 100,5615IMD100247,1.5190532609537513
2025-10,Bebe 100,5615IMD101036,1.193541847892233
2025-10,Bebe 100,5615IMD101199,1.2477937500691527
2025-10,Bebe 100,5615IMD102197,7.05274728299956
2025-10,Bebe 100,5615IMD102587,3.7569442257516883
2025-10,Bebe 100,5615IMD103641,3.1872992528940314
2025-10,Bebe 100,5615IMD104895,3.892573981193988
2025-10,Bebe 100,5615IMD110094,3.2008622284382615
2025-10,Bebe 100,5615IMD123070,2.8617878398325134
2025-10,Bebe 100,5615IMD199054,3.9603888589151373
2025-10,Lolipop,5601IMD180430,22.460287501244746
2025-10,Lolipop,5601IMD180431,20.68353770495063
2025-10,Lolipop,5601IMD180432,21.28302122400559
2025-10,Lolipop,5601IMD180433,17.00797133246432
2025-10,Lolipop,5601IMD180434,23.274066033898542
2025-10,Lolipop,5601IMD180437,20.018951903283362
2025-10,Lolipop,5601IMD180440,27.95058000154902
2025-10,Lolipop,5601IMD180563,21.128403302801367
2025-10,Lolipop,5601IMD181117,14.566635734502933
2025-10,Super Nene,1140NA1010001,35.90933405090314
2025-10,Super Nene,1140NA1010003,60.873346837612736
2025-10,Super Nene,1140NA1010004,19.357078696724944
2025-10,Super Nene,1140NA1010005,30.89645828975576
2025-10,Super Nene,1140NA1010007,27.880052528719023
2025-10,Super Nene,1140NA1010008,22.28396881916976
2025-10,Super Nene,1140NA1010009,7.025621331911099
2025-10,Super Nene,1140NA1010011,0.027125951088459842
2025-10,Super Nene,1140NA1010026,57.553130424385245
2025-10,Super Nene,1140NA1010033,0.16275570653075908
2025-10,Super Nene,1140NA1010034,40.47734421419978
2025-10,Super Nene,1140NA1010073,56.93194614445953
2025-10,Super Nene,1140NA1010439,27.855639172739416
2025-10,Super Nene,1140NA1010730,56.0693408998465
2025-10,Super Nene,1140NA1010731,33.96169076275172
2025-10,Super Nene,1140NA1010732,28.18657577601862
2025-10,Super Nene,1140NA1010734,37.37956059989766
2025-10,Super Nene,1140NA1010829,37.778312080898026
2025-10,Super Nene,1140NA1011102,171.8130615991958
2025-10,Super Nene,1140NA1011302,39.60388858915137
2025-10,Super Nene,1140NA1013303,0.10850380435383937
2025-10,Super Nene,1140NA1013952,40.035191211457885
2025-10,Super Nene,1140NA1016902,1.546179212042211
2025-10,Super Nene,1140NA1018902,58.16075172876675
2025-11,Baby Jakard,5602IMD181306,7.291219257433913
2025-11,Baby Jakard,5602IMD181307,6.870976072567405
2025-11,Baby Jakard,5602IMD181309,4.996691468062781
2025-11,Baby Jakard,5602IMD181310,6.557894899841857
2025-11,Baby Jakard,5602IMD181311,6.114538339807691
2025-11,Baby Jakard,5602IMD181315,8.657009608250064
2025-11,Baby Jakard,5602IMD181316,8.818803234423669
2025-11,Baby Jakard,5602IMD181317,7.921584034733675
2025-11,Baby Jakard,5602IMD181318,6.551591252068859
2025-11,Baby Jakard,5602IMD181319,8.01613875132864
2025-11,Baby Soft,1148AN1010003,58.728985085094486
2025-11,Baby Soft,1148AN1010014,33.62155600524497
2025-11,Baby Soft,1148AN1010024,25.765109664165607
2025-11,Baby Soft,1148AN1010026,58.05659598930807
2025-11,Baby Soft,1148AN1010034,41.866727292325855
2025-11,Baby Soft,1148AN1010039,43.264035882007
2025-11,Baby Soft,1148AN1010041,37.65378936403912
2025-11,Baby Soft,1148AN1010050,25.723085345678953
2025-11,Baby Soft,1148AN1010081,52.687989302638435
2025-11,Baby Soft,1148AN1010229,49.42690218807434
2025-11,Baby Soft,1148AN1010439,33.1781994452108
2025-11,Baby Soft,1148AN1010730,38.15808118587892
2025-11,Baby Soft,1148AN1010734,46.962175908832265
2025-11,Baby Soft,1148AN1010812,29.833063693673402
2025-11,Baby Soft,1148AN1010831,28.753038708566475
2025-11,Baby Soft,1148AN1010875,38.75272529246503
2025-11,Baby Soft,1148AN1010888,51.39784272509826
2025-11,Baby Soft,1148AN1011102,162.6929465892199
2025-11,Baby Soft,1148AN1011302,78.23457251067346
2025-11,Baby Soft,1148AN1013401,32.7390453170253
2025-11,Baby Soft,1148AN1013602,37.47098357862218
2025-11,Baby Soft,1148AN1013902,18.967676148949838
2025-11,Baby Soft,1148AN1014204,23.825687366006672
2025-11,Baby Soft,1148AN1016402,21.81692494234476
2025-11,Baby Soft,1148AN1018902,60.17882407288394
2025-11,Bebe 100,5615IMD100208,13.783976463621462
2025-11,Bebe 100,5615IMD100215,4.139395370935103
2025-11,Bebe 100,5615IMD100217,2.313438732690126
2025-11,Bebe 100,5615IMD100247,1.1766809176262223
2025-11,Bebe 100,5615IMD101036,0.9245350067063175
2025-11,Bebe 100,5615IMD101199,0.9665593251929682
2025-11,Bebe 100,5615IMD102197,5.463161403264603
2025-11,Bebe 100,5615IMD102587,2.9101840552005678
2025-11,Bebe 100,5615IMD103641,2.4689287110907343
2025-11,Bebe 100,5615IMD104895,3.0152448514171946
2025-11,Bebe 100,5615IMD110094,2.479434790712397
2025-11,Bebe 100,5615IMD123070,2.2167828001708294
2025-11,Bebe 100,5615IMD199054,3.067775249525508
2025-11,Lolipop,5601IMD180430,17.398067853473428
2025-11,Lolipop,5601IMD180431,16.021771423035617
2025-11,Lolipop,5601IMD180432,16.486140142313108
2025-11,Lolipop,5601IMD180433,13.174623845565025
2025-11,Lolipop,5601IMD180434,18.02843263077319
2025-11,Lolipop,5601IMD180437,15.506973521574142
2025-11,Lolipop,5601IMD180440,21.65092888432249
2025-11,Lolipop,5601IMD180563,16.36637083462615
2025-11,Lolipop,5601IMD181117,11.283529513665737
2025-11,Super Nene,1140NA1010001,27.815896406314163
2025-11,Super Nene,1140NA1010003,47.153386557946526
2025-11,Super Nene,1140NA1010004,14.994276836037004
2025-11,Super Nene,1140NA1010005,23.932849378147626
2025-11,Super Nene,1140NA1010007,21.596297270289842
2025-11,Super Nene,1140NA1010008,17.261488818391815
2025-11,Super Nene,1140NA1010009,5.4421492440212775
2025-11,Super Nene,1140NA1010011,0.021012159243325397
2025-11,Super Nene,1140NA1010026,44.58149826656349
2025-11,Super Nene,1140NA1010033,0.1260729554599524
2025-11,Super Nene,1140NA1010034,31.35434402289016
2025-11,Super Nene,1140NA1010073,44.100319819891354
2025-11,Super Nene,1140NA1010439,21.577386326970853
2025-11,Super Nene,1140NA1010730,43.4321331559536
2025-11,Super Nene,1140NA1010731,26.307223372643396
2025-11,Super Nene,1140NA1010732,21.833734669739417
2025-11,Super Nene,1140NA1010734,28.954755437302396
2025-11,Super Nene,1140NA1010829,29.26363417817928
2025-11,Super Nene,1140NA1011102,133.08891543129874
2025-11,Super Nene,1140NA1011302,30.677752495255078
2025-11,Super Nene,1140NA1013303,0.08404863697330159
2025-11,Super Nene,1140NA1013952,31.011845827223954
2025-11,Super Nene,1140NA1016902,1.1976930768695477
2025-11,Super Nene,1140NA1018902,45.05217063361398
2025-12,Baby Jakard,5602IMD181306,5.77059414914531
2025-12,Baby Jakard,5602IMD181307,5.43799506273924
2025-12,Baby Jakard,5602IMD181309,3.95460313736817
2025-12,Baby Jakard,5602IMD181310,5.190208743366719
2025-12,Baby Jakard,5602IMD181311,4.839316707208315
2025-12,Baby Jakard,5602IMD181315,6.851541179965037
2025-12,Baby Jakard,5602IMD181316,6.979591828231373
2025-12,Baby Jakard,5602IMD181317,6.269492778754414
2025-12,Baby Jakard,5602IMD181318,5.1852197570706275
2025-12,Baby Jakard,5602IMD181319,6.3443275731957804
2025-12,Baby Soft,1148AN1010003,46.480722325248244
2025-12,Baby Soft,1148AN1010014,26.609589907917606
2025-12,Baby Soft,1148AN1010024,20.391649987556136
2025-12,Baby Soft,1148AN1010026,45.94856378699853
2025-12,Baby Soft,1148AN1010034,33.13518398320469
2025-12,Baby Soft,1148AN1010039,34.24107594550488
2025-12,Baby Soft,1148AN1010041,29.80087814198385
2025-12,Baby Soft,1148AN1010050,20.358390078915527
2025-12,Baby Soft,1148AN1010081,41.69961045816099
2025-12,Baby Soft,1148AN1010229,39.11864154764989
2025-12,Baby Soft,1148AN1010439,26.258697871759203
2025-12,Baby Soft,1148AN1010730,30.19999704567113
2025-12,Baby Soft,1148AN1010734,37.16794790587829
2025-12,Baby Soft,1148AN1010812,23.61120914396689
2025-12,Baby Soft,1148AN1010831,22.75642949190329
2025-12,Baby Soft,1148AN1010875,30.67062475293572
2025-12,Baby Soft,1148AN1010888,40.67853126289436
2025-12,Baby Soft,1148AN1011102,128.76241031124584
2025-12,Baby Soft,1148AN1011302,61.91830892078597
2025-12,Baby Soft,1148AN1013401,25.91113182646486
2025-12,Baby Soft,1148AN1013602,29.656197539397205
2025-12,Baby Soft,1148AN1013902,15.011859764937956
2025-12,Baby Soft,1148AN1014204,18.856705203792124
2025-12,Baby Soft,1148AN1016402,17.26688157077111
2025-12,Baby Soft,1148AN1018902,47.628189173349185
2025-12,Bebe 100,5615IMD100208,10.909250034119088
2025-12,Bebe 100,5615IMD100215,3.2761010010997866
2025-12,Bebe 100,5615IMD100217,1.8309579706654138
2025-12,Bebe 100,5615IMD100247,0.9312774419369952
2025-12,Bebe 100,5615IMD101036,0.7317179900933534
2025-12,Bebe 100,5615IMD101199,0.7649778987339603
2025-12,Bebe 100,5615IMD102197,4.323788123278907
2025-12,Bebe 100,5615IMD102587,2.3032486733620328
2025-12,Bebe 100,5615IMD103641,1.9540196326356596
2025-12,Bebe 100,5615IMD104895,2.3863984449635502
2025-12,Bebe 100,5615IMD110094,1.9623346097958114
2025-12,Bebe 100,5615IMD123070,1.7544601807920177
2025-12,Bebe 100,5615IMD199054,2.427973330764309
2025-12,Lolipop,5601IMD180430,13.769602177211285
2025-12,Lolipop,5601IMD180431,12.680340169231407
2025-12,Lolipop,5601IMD180432,13.047862159710114
2025-12,Lolipop,5601IMD180433,10.426981358830284
2025-12,Lolipop,5601IMD180434,14.26850080682039
2025-12,Lolipop,5601IMD180437,12.272906288383972
2025-12,Lolipop,5601IMD180440,17.13550493164071
2025-12,Lolipop,5601IMD180563,12.953071420084383
2025-12,Lolipop,5601IMD181117,8.93028547000297
2025-12,Super Nene,1140NA1010001,22.014733529217757
2025-12,Super Nene,1140NA1010003,37.31928049019305
2025-12,Super Nene,1140NA1010004,11.867135402968568
2025-12,Super Nene,1140NA1010005,18.941517970825668
2025-12,Super Nene,1140NA1010007,17.092267050407923
2025-12,Super Nene,1140NA1010008,13.661507474129314
2025-12,Super Nene,1140NA1010009,4.307158168958603
2025-12,Super Nene,1140NA1010011,0.016629954320303484
2025-12,Super Nene,1140NA1010026,35.283774081387904
2025-12,Super Nene,1140NA1010033,0.09977972592182092
2025-12,Super Nene,1140NA1010034,24.815217836756865
2025-12,Super Nene,1140NA1010073,34.902948127452966
2025-12,Super Nene,1140NA1010439,17.077300091519653
2025-12,Super Nene,1140NA1010730,34.37411558006731
2025-12,Super Nene,1140NA1010731,20.820702809019963
2025-12,Super Nene,1140NA1010732,17.28018553422735
2025-12,Super Nene,1140NA1010734,22.916077053378203
2025-12,Super Nene,1140NA1010829,23.160537381886666
2025-12,Super Nene,1140NA1011102,105.33246766937025
2025-12,Super Nene,1140NA1011302,24.279733307643088
2025-12,Super Nene,1140NA1013303,0.06651981728121394
2025-12,Super Nene,1140NA1013952,24.544149581335915
2025-12,Super Nene,1140NA1016902,0.9479073962572987
2025-12,Super Nene,1140NA1018902,35.6562850581627
2026-01,Baby Jakard,5602IMD181306,6.227220052597322
2026-01,Baby Jakard,5602IMD181307,5.868302470315056
2026-01,Baby Jakard,5602IMD181309,4.267530053336148
2026-01,Baby Jakard,5602IMD181310,5.6009088715147675
2026-01,Baby Jakard,5602IMD181311,5.222250822206976
2026-01,Baby Jakard,5602IMD181315,7.393702195014687
2026-01,Baby Jakard,5602IMD181316,7.53188546419336
2026-01,Baby Jakard,5602IMD181317,6.765596426020721
2026-01,Baby Jakard,5602IMD181318,5.595525107780533
2026-01,Baby Jakard,5602IMD181319,6.846352882034232
2026-01,Baby Soft,1148AN1010003,50.15873212394673
2026-01,Baby Soft,1148AN1010014,28.71520117049272
2026-01,Baby Soft,1148AN1010024,22.005236969725754
2026-01,Baby Soft,1148AN1010026,49.5844639922951
2026-01,Baby Soft,1148AN1010034,35.757164134870784
2026-01,Baby Soft,1148AN1010039,36.95056509595933
2026-01,Baby Soft,1148AN1010041,32.15901537249107
2026-01,Baby Soft,1148AN1010050,21.969345211497526
2026-01,Baby Soft,1148AN1010081,44.99929187863915
2026-01,Baby Soft,1148AN1010229,42.21409144012876
2026-01,Baby Soft,1148AN1010439,28.33654312118493
2026-01,Baby Soft,1148AN1010730,32.589716471229785
2026-01,Baby Soft,1148AN1010734,40.109039820043265
2026-01,Baby Soft,1148AN1010812,25.479559166218092
2026-01,Baby Soft,1148AN1010831,24.557140979752667
2026-01,Baby Soft,1148AN1010875,33.097584850159194
2026-01,Baby Soft,1148AN1010888,43.89741490103259
2026-01,Baby Soft,1148AN1011102,138.95135280475662
2026-01,Baby Soft,1148AN1011302,66.81789170557812
2026-01,Baby Soft,1148AN1013401,27.96147424769996
2026-01,Baby Soft,1148AN1013602,32.002886224198285
2026-01,Baby Soft,1148AN1013902,16.199745076310094
2026-01,Baby Soft,1148AN1014204,20.348832327493096
2026-01,Baby Soft,1148AN1016402,18.63320628418386
2026-01,Baby Soft,1148AN1018902,51.39699778282055
2026-01,Bebe 100,5615IMD100208,11.772496698858337
2026-01,Bebe 100,5615IMD100215,3.5353381854803234
2026-01,Bebe 100,5615IMD100217,1.9758412904638762
2026-01,Bebe 100,5615IMD100247,1.0049692303903457
2026-01,Bebe 100,5615IMD101036,0.789618681020986
2026-01,Bebe 100,5615IMD101199,0.8255104392492125
2026-01,Bebe 100,5615IMD102197,4.665928569669463
2026-01,Bebe 100,5615IMD102587,2.4855042573046946
2026-01,Bebe 100,5615IMD103641,2.1086407959083147
2026-01,Bebe 100,5615IMD104895,2.5752336528752613
2026-01,Bebe 100,5615IMD110094,2.1176137354653717
2026-01,Bebe 100,5615IMD123070,1.893290246538955
2026-01,Bebe 100,5615IMD199054,2.6200983506605446
2026-01,Lolipop,5601IMD180430,14.859187906485827
2026-01,Lolipop,5601IMD180431,13.683732824511406
2026-01,Lolipop,5601IMD180432,14.08033675293331
2026-01,Lolipop,5601IMD180433,11.25206620454905
2026-01,Lolipop,5601IMD180434,15.397564279909227
2026-01,Lolipop,5601IMD180437,13.24405878621563
2026-01,Lolipop,5601IMD180440,18.491433839182363
2026-01,Lolipop,5601IMD180563,13.978045241982862
2026-01,Lolipop,5601IMD181117,9.636937084278852
2026-01,Super Nene,1140NA1010001,23.756754771263214
2026-01,Super Nene,1140NA1010003,40.2723473199817
2026-01,Super Nene,1140NA1010004,12.806179335831265
2026-01,Super Nene,1140NA1010005,20.44035631097507
2026-01,Super Nene,1140NA1010007,18.44477455348567
2026-01,Super Nene,1140NA1010008,14.742539692244092
2026-01,Super Nene,1140NA1010009,4.64798269055535
2026-01,Super Nene,1140NA1010011,0.017945879114113317
2026-01,Super Nene,1140NA1010026,38.07577171641422
2026-01,Super Nene,1140NA1010033,0.10767527468467991
2026-01,Super Nene,1140NA1010034,26.778840814079896
2026-01,Super Nene,1140NA1010073,37.66481108470104
2026-01,Super Nene,1140NA1010439,18.42862326228297
2026-01,Super Nene,1140NA1010730,37.09413212887223
2026-01,Super Nene,1140NA1010731,22.468240650869873
2026-01,Super Nene,1140NA1010732,18.647562987475148
2026-01,Super Nene,1140NA1010734,24.72942141924815
2026-01,Super Nene,1140NA1010829,24.99322584222562
2026-01,Super Nene,1140NA1011102,113.66740372088235
2026-01,Super Nene,1140NA1011302,26.200983506605443
2026-01,Super Nene,1140NA1013303,0.07178351645645327
2026-01,Super Nene,1140NA1013952,26.48632298451985
2026-01,Super Nene,1140NA1016902,1.022915109504459
2026-01,Super Nene,1140NA1018902,38.477759408570364
2026-02,Baby Jakard,5602IMD181306,7.901575114856839
2026-02,Baby Jakard,5602IMD181307,7.44615291803512
2026-02,Baby Jakard,5602IMD181309,5.4149699202102495
2026-02,Baby Jakard,5602IMD181310,7.106863381402939
2026-02,Baby Jakard,5602IMD181311,6.626392963756024
2026-02,Baby Jakard,5602IMD181315,9.38169725452743
2026-02,Baby Jakard,5602IMD181316,9.557034800303791
2026-02,Baby Jakard,5602IMD181317,8.58470841008942
2026-02,Baby Jakard,5602IMD181318,7.100032048450613
2026-02,Baby Jakard,5602IMD181319,8.687178404374306
2026-02,Baby Soft,1148AN1010003,63.645252005835346
2026-02,Baby Soft,1148AN1010014,36.43605285672169
2026-02,Baby Soft,1148AN1010024,27.921934887139646
2026-02,Baby Soft,1148AN1010026,62.91657649092059
2026-02,Baby Soft,1148AN1010034,45.37143635836384
2026-02,Baby Soft,1148AN1010039,46.88571516279606
2026-02,Baby Soft,1148AN1010041,40.8058288352261
2026-02,Baby Soft,1148AN1010050,27.87639266745747
2026-02,Baby Soft,1148AN1010081,57.09855792652312
2026-02,Baby Soft,1148AN1010229,53.56448167918658
2026-02,Baby Soft,1148AN1010439,35.95558243907478
2026-02,Baby Soft,1148AN1010730,41.35233547141216
2026-02,Baby Soft,1148AN1010734,50.893430494827186
2026-02,Baby Soft,1148AN1010812,32.330421752373894
2026-02,Baby Soft,1148AN1010831,31.15998670654207
2026-02,Baby Soft,1148AN1010875,41.996757879914895
2026-02,Baby Soft,1148AN1010888,55.70041178228044
2026-02,Baby Soft,1148AN1011102,176.31214927756062
2026-02,Baby Soft,1148AN1011302,84.78367327131546
2026-02,Baby Soft,1148AN1013401,35.47966624339608
2026-02,Baby Soft,1148AN1013602,40.60772017960865
2026-02,Baby Soft,1148AN1013902,20.555480853548325
2026-02,Baby Soft,1148AN1014204,25.820161448807408
2026-02,Baby Soft,1148AN1016402,23.643243347999583
2026-02,Baby Soft,1148AN1018902,65.21645858487028
2026-02,Bebe 100,5615IMD100208,14.93784805575241
2026-02,Bebe 100,5615IMD100215,4.48590863869394
2026-02,Bebe 100,5615IMD100217,2.507099193503567
2026-02,Bebe 100,5615IMD100247,1.2751821511008152
2026-02,Bebe 100,5615IMD101036,1.0019288330077836
2026-02,Bebe 100,5615IMD101199,1.0474710526899553
2026-02,Bebe 100,5615IMD102197,5.920488558682357
2026-02,Bebe 100,5615IMD102587,3.1537987129904095
2026-02,Bebe 100,5615IMD103641,2.6756054063276036
2026-02,Bebe 100,5615IMD104895,3.2676542621958395
2026-02,Bebe 100,5615IMD110094,2.6869909612481466
2026-02,Bebe 100,5615IMD123070,2.4023520882345717
2026-02,Bebe 100,5615IMD199054,3.3245820367985544
2026-02,Lolipop,5601IMD180430,18.8544789484192
2026-02,Lolipop,5601IMD180431,17.362971253828068
2026-02,Lolipop,5601IMD180432,17.86621278131607
2026-02,Lolipop,5601IMD180433,14.277485870360914
2026-02,Lolipop,5601IMD180434,19.53761224365178
2026-02,Lolipop,5601IMD180437,16.80507906272146
2026-02,Lolipop,5601IMD180440,23.463351580255004
2026-02,Lolipop,5601IMD180563,17.736417455221876
2026-02,Lolipop,5601IMD181117,12.228085984663174
2026-02,Super Nene,1140NA1010001,30.144395207629632
2026-02,Super Nene,1140NA1010003,51.100647594381066
2026-02,Super Nene,1140NA1010004,16.24946398259896
2026-02,Super Nene,1140NA1010005,25.936294108996936
2026-02,Super Nene,1140NA1010007,23.404146694668174
2026-02,Super Nene,1140NA1010008,18.70646673445214
2026-02,Super Nene,1140NA1010009,5.89771744884127
2026-02,Super Nene,1140NA1010011,0.022771109841085987
2026-02,Super Nene,1140NA1010026,48.31346374983213
2026-02,Super Nene,1140NA1010033,0.13662665904651594
2026-02,Super Nene,1140NA1010034,33.97905010486851
2026-02,Super Nene,1140NA1010073,47.79200533447128
2026-02,Super Nene,1140NA1010439,23.383652695811204
2026-02,Super Nene,1140NA1010730,47.06788404152474
2026-02,Super Nene,1140NA1010731,28.509429521039653
2026-02,Super Nene,1140NA1010732,23.661460235872447
2026-02,Super Nene,1140NA1010734,31.378589361016488
2026-02,Super Nene,1140NA1010829,31.713324675680454
2026-02,Super Nene,1140NA1011102,144.22993262245453
2026-02,Super Nene,1140NA1011302,33.24582036798554
2026-02,Super Nene,1140NA1013303,0.09108443936434395
2026-02,Super Nene,1140NA1013952,33.60788101445881
2026-02,Super Nene,1140NA1016902,1.2979532609419013
2026-02,Super Nene,1140NA1018902,48.82353661027246
2026-03,Baby Jakard,5602IMD181306,11.92796795896423
2026-03,Baby Jakard,5602IMD181307,11.24047701032076
2026-03,Baby Jakard,5602IMD181309,8.174267379370876
2026-03,Baby Jakard,5602IMD181310,10.728296253581373
2026-03,Baby Jakard,5602IMD181311,10.00299330276251
2026-03,Baby Jakard,5602IMD181315,14.162313542055513
2026-03,Baby Jakard,5602IMD181316,14.426997557283249
2026-03,Baby Jakard,5602IMD181317,12.959204381929437
2026-03,Baby Jakard,5602IMD181318,10.717983889351721
2026-03,Baby Jakard,5602IMD181319,13.113889845374219
2026-03,Baby Soft,1148AN1010003,96.07686007292514
2026-03,Baby Soft,1148AN1010014,55.00271334622093
2026-03,Baby Soft,1148AN1010024,42.15007006133124
2026-03,Baby Soft,1148AN1010026,94.97687455509559
2026-03,Baby Soft,1148AN1010034,68.49128575860584
2026-03,Baby Soft,1148AN1010039,70.77719316284539
2026-03,Baby Soft,1148AN1010041,61.599188998455055
2026-03,Baby Soft,1148AN1010050,42.08132096646689
2026-03,Baby Soft,1148AN1010081,86.19417768617524
2026-03,Baby Soft,1148AN1010229,80.8592479247019
2026-03,Baby Soft,1148AN1010439,54.27741039540208
2026-03,Baby Soft,1148AN1010730,62.424178136827216
2026-03,Baby Soft,1148AN1010734,76.82711351090794
2026-03,Baby Soft,1148AN1010812,48.80498244420004
2026-03,Baby Soft,1148AN1010831,47.03813070618632
2026-03,Baby Soft,1148AN1010875,63.39697782915773
2026-03,Baby Soft,1148AN1010888,84.08358047383979
2026-03,Baby Soft,1148AN1011102,266.15524585783356
2026-03,Baby Soft,1148AN1011302,127.98675245421187
2026-03,Baby Soft,1148AN1013401,53.55898235406964
2026-03,Baby Soft,1148AN1013602,61.30013043579514
2026-03,Baby Soft,1148AN1013902,31.029903967023085
2026-03,Baby Soft,1148AN1014204,38.97729933334162
2026-03,Baby Soft,1148AN1016402,35.69109259882582
2026-03,Baby Soft,1148AN1018902,98.44870384574511
2026-03,Bebe 100,5615IMD100208,22.549703115505864
2026-03,Bebe 100,5615IMD100215,6.771785844138193
2026-03,Bebe 100,5615IMD100217,3.78463767228231
2026-03,Bebe 100,5615IMD100247,1.9249746562017198
2026-03,Bebe 100,5615IMD101036,1.512480087015637
2026-03,Bebe 100,5615IMD101199,1.5812291818799842
2026-03,Bebe 100,5615IMD102197,8.937382332365129
2026-03,Bebe 100,5615IMD102587,4.760874819356039
2026-03,Bebe 100,5615IMD103641,4.0390093232803945
2026-03,Bebe 100,5615IMD104895,4.932747556516908
2026-03,Bebe 100,5615IMD110094,4.0561965969964815
2026-03,Bebe 100,5615IMD123070,3.6265147540943117
2026-03,Bebe 100,5615IMD199054,5.018683925097341
2026-03,Lolipop,5601IMD180430,28.462125273839717
2026-03,Lolipop,5601IMD180431,26.21059241703235
2026-03,Lolipop,5601IMD180432,26.970269915283385
2026-03,Lolipop,5601IMD180433,21.55284123997283
2026-03,Lolipop,5601IMD180434,29.493361696804925
2026-03,Lolipop,5601IMD180437,25.3684160049441
2026-03,Lolipop,5601IMD180440,35.41953367411165
2026-03,Lolipop,5601IMD180563,26.774334994919993
2026-03,Lolipop,5601IMD181117,18.459131971077205
2026-03,Super Nene,1140NA1010001,45.50502589071138
2026-03,Super Nene,1140NA1010003,77.13992189254073
2026-03,Super Nene,1140NA1010004,24.529677047599066
2026-03,Super Nene,1140NA1010005,39.1526095252457
2026-03,Super Nene,1140NA1010007,35.330159850788
2026-03,Super Nene,1140NA1010008,28.23869071553059
2026-03,Super Nene,1140NA1010009,8.903007784932957
2026-03,Super Nene,1140NA1010011,0.03437454743217357
2026-03,Super Nene,1140NA1010026,72.93247728684267
2026-03,Super Nene,1140NA1010033,0.20624728459304145
2026-03,Super Nene,1140NA1010034,51.293699678289414
2026-03,Super Nene,1140NA1010073,72.14530015064591
2026-03,Super Nene,1140NA1010439,35.29922275809905
2026-03,Super Nene,1140NA1010730,71.05218954230278
2026-03,Super Nene,1140NA1010731,43.03693338508131
2026-03,Super Nene,1140NA1010732,35.718592236771556
2026-03,Super Nene,1140NA1010734,47.36812636153518
2026-03,Super Nene,1140NA1010829,47.87343220878814
2026-03,Super Nene,1140NA1011102,217.7249459806442
2026-03,Super Nene,1140NA1011302,50.18683925097342
2026-03,Super Nene,1140NA1013303,0.1374981897286943
2026-03,Super Nene,1140NA1013952,50.73339455514498
2026-03,Super Nene,1140NA1016902,1.9593492036338938
2026-03,Super Nene,1140NA1018902,73.70246714932337
