Product_Code,Stock
1100AN1010003,244.7
1100AN1010022,365.3
1100AN1010026,0.0
1100AN1010033,399.8
1100AN1010034,0.0
1100AN1010073,0.0
1100AN1010134,342.8
1100AN1010219,1.8
1100AN1010425,187.2
1100AN1010539,0.0
1100AN1010712,0.0
1100AN1010718,413.5
1100AN1010728,297.2
1100AN1010732,433.9
1100AN1010735,509.1
1100AN1010740,371.4
1100AN1010769,484.3
1100AN1010772,77.7
1100AN1010807,602.0
1100AN1010811,605.7
1100AN1010829,318.3
1100AN1010831,163.6
1100AN1010845,0.0
1100AN1010875,198.2
1100AN1010880,32.9
1100AN1010882,295.6
1100AN1010888,136.8
1100AN1010900,231.2
1100AN1011102,689.7
1100AN1011302,355.2
1100AN1011777,247.1
1100AN1011788,46.3
1100AN1011799,193.5
1100AN1012302,601.3
1100AN1012903,126.4
1100AN1013102,257.3
1100AN1013202,295.7
1100AN1013602,428.3
1100AN1013902,398.3
1100AN1013910,0.0
1100AN1013916,307.8
1100AN1013917,174.4
1100AN1014015,0.0
1100AN1014204,0.0
1100AN1014850,250.9
1100AN1015002,0.0
1100AN1015029,633.7
1100AN1015032,296.7
1100AN1015033,322.5
1100AN1015102,410.2
1100AN1015204,391.1
1100AN1015302,445.6
1100AN1015502,357.8
1100AN1016202,759.1
1100AN1016402,434.4
1100AN1016702,553.8
1100AN1016890,15.5
1100AN1016902,433.4
1100AN1017000,0.0
1100AN1017007,129.6
1100AN1017402,344.2
1100AN1017802,241.0
1100AN1017902,259.4
1100AN1018003,163.8
1100AN1018902,1371.6
1100AN1019102,0.0
1100AN1019202,0.0
1100AN1019300,0.0
1100AN1019502,0.0
1100AN1019602,0.0
1101PA1050041,0.0
1101PA1050073,0.0
1101PA1050425,0.0
1101PA1050712,0.0
1101PA1050728,0.0
1101PA1050732,0.0
1101PA1050735,0.0
1101PA1050740,0.0
1101PA1050769,0.0
1101PA1050772,0.0
1101PA1050807,0.0
1101PA1050811,0.0
1101PA1050824,0.0
1101PA1050829,0.0
1101PA1050830,0.0
1101PA1050875,0.0
1101PA1050882,0.0
1101PA1050883,0.0
1101PA1050897,0.0
1101PA1050900,0.0
1101PA1051100,0.0
1101PA1051102,0.0
1101PA1051302,0.0
1101PA1051777,0.0
1101PA1051788,0.0
1101PA1051799,0.0
1101PA1052302,0.0
1101PA1052903,0.0
1101PA1053102,0.0
1101PA1053202,0.0
1101PA1053902,0.0
1101PA1053916,0.0
1101PA1053917,0.0
1101PA1054850,0.0
1101PA1055032,0.0
1101PA1055033,0.0
1101PA1055302,0.0
1101PA1055502,0.0
1101PA1056202,0.0
1101PA1056402,0.0
1101PA1056503,0.0
1101PA1056702,0.0
1101PA1056890,0.0
1101PA1057902,0.0
1101PA1058003,0.0
1101PA1058902,0.0
1101PA1059202,0.0
1101PA1059300,0.0
1102PA1010033,0.0
1102PA1010034,0.0
1102PA1010041,0.0
1102PA1010073,40.0
1102PA1010392,0.0
1102PA1010425,50.0
1102PA1010439,0.0
1102PA1010712,0.0
1102PA1010718,20.0
1102PA1010728,0.0
1102PA1010732,30.0
1102PA1010735,20.0
1102PA1010738,0.0
1102PA1010740,0.0
1102PA1010769,140.0
1102PA1010772,0.0
1102PA1010807,60.0
1102PA1010811,0.0
1102PA1010821,0.0
1102PA1010824,0.0
1102PA1010829,0.0
1102PA1010831,0.0
1102PA1010845,60.0
1102PA1010875,0.0
1102PA1010882,0.0
1102PA1010883,0.0
1102PA1011100,0.0
1102PA1011102,0.0
1102PA1011302,0.0
1102PA1011777,50.0
1102PA1011788,30.0
1102PA1011799,60.0
1102PA1012302,0.0
1102PA1012903,50.0
1102PA1013102,0.0
1102PA1013202,0.0
1102PA1013902,0.0
1102PA1013916,248.9
1102PA1013917,0.0
1102PA1014850,0.0
1102PA1015032,0.0
1102PA1015102,20.0
1102PA1015204,0.0
1102PA1015302,0.0
1102PA1015502,50.0
1102PA1016202,70.0
1102PA1016402,246.6
1102PA1016702,50.0
1102PA1016890,150.0
1102PA1016902,0.0
1102PA1017007,0.0
1102PA1017707,0.0
1102PA1017802,0.0
1102PA1017902,0.0
1102PA1018003,0.0
1102PA1018902,100.0
1102PA1019102,0.0
1102PA1019202,0.0
1102PA1019300,0.0
1102PA1019502,0.0
1102PA1019602,0.0
1103NA1010003,0.0
1103NA1010022,0.0
1103NA1010029,0.0
1103NA1010033,0.0
1103NA1010034,0.0
1103NA1010038,0.0
1103NA1010073,0.0
1103NA1010112,0.0
1103NA1010134,0.0
1103NA1010279,0.0
1103NA1010425,0.0
1103NA1010439,0.0
1103NA1010539,0.0
1103NA1010712,0.0
1103NA1010718,0.0
1103NA1010727,0.0
1103NA1010728,0.0
1103NA1010731,0.0
1103NA1010734,0.0
1103NA1010735,0.0
1103NA1010740,0.0
1103NA1010749,0.0
1103NA1010769,0.0
1103NA1010772,0.0
1103NA1010800,0.0
1103NA1010801,0.0
1103NA1010802,0.0
1103NA1010803,0.0
1103NA1010804,0.0
1103NA1010807,0.0
1103NA1010808,0.0
1103NA1010809,0.0
1103NA1010811,0.0
1103NA1010812,0.0
1103NA1010813,0.0
1103NA1010814,0.0
1103NA1010815,0.0
1103NA1010817,0.0
1103NA1010821,0.0
1103NA1010824,0.0
1103NA1010828,0.0
1103NA1010829,0.0
1103NA1010830,0.0
1103NA1010831,0.0
1103NA1010832,0.0
1103NA1010837,0.0
1103NA1010845,0.0
1103NA1010846,0.0
1103NA1010847,0.0
1103NA1010849,0.0
1103NA1010863,0.0
1103NA1010867,0.0
1103NA1010875,0.0
1103NA1010878,0.0
1103NA1010880,0.0
1103NA1010882,0.0
1103NA1010883,0.0
1103NA1010900,0.0
1103NA1010902,0.0
1103NA1011302,0.0
1103NA1011777,0.0
1103NA1011788,0.0
1103NA1011799,0.0
1103NA1012526,0.0
1103NA1012903,0.0
1103NA1013102,0.0
1103NA1013202,0.0
1103NA1013602,0.0
1103NA1013902,0.0
1103NA1013916,0.0
1103NA1013917,0.0
1103NA1014015,0.0
1103NA1014850,0.0
1103NA1015029,0.0
1103NA1015032,0.0
1103NA1015033,0.0
1103NA1015102,0.0
1103NA1015302,0.0
1103NA1015502,0.0
1103NA1016202,0.0
1103NA1016402,0.0
1103NA1016702,0.0
1103NA1016890,0.0
1103NA1016902,0.0
1103NA1017000,0.0
1103NA1017007,0.0
1103NA1017402,0.0
1103NA1017802,0.0
1103NA1017902,0.0
1103NA1018003,0.0
1103NA1019102,0.0
1103NA1019202,0.0
1103NA1019300,0.0
1103NA1019302,0.0
1103NA1019502,0.0
1103NA1019602,0.0
1104CO1050022,0.0
1104CO1050033,0.0
1104CO1050425,0.0
1104CO1050712,0.0
1104CO1050728,0.0
1104CO1050732,0.0
1104CO1050735,0.0
1104CO1050740,0.0
1104CO1050769,0.0
1104CO1050772,0.0
1104CO1050807,0.0
1104CO1050811,0.0
1104CO1050829,0.0
1104CO1050831,0.0
1104CO1050875,0.0
1104CO1050882,0.0
1104CO1050888,0.0
1104CO1050900,0.0
1104CO1051102,0.0
1104CO1051302,0.0
1104CO1051777,0.0
1104CO1051788,0.0
1104CO1051799,0.0
1104CO1052302,0.0
1104CO1052903,0.0
1104CO1053102,0.0
1104CO1053202,0.0
1104CO1053602,0.0
1104CO1053916,0.0
1104CO1054015,0.0
1104CO1054850,0.0
1104CO1055032,0.0
1104CO1055033,0.0
1104CO1055102,0.0
1104CO1055302,0.0
1104CO1056202,0.0
1104CO1056402,0.0
1104CO1056702,0.0
1104CO1056890,0.0
1104CO1056902,0.0
1104CO1057007,0.0
1104CO1057802,0.0
1104CO1058003,0.0
1104CO1058902,0.0
1104CO1059102,0.0
1104CO1059202,0.0
1104CO1059300,0.0
1104CO1059602,0.0
1105CO1010006,0.0
1105CO1010008,0.0
1105CO1010010,0.0
1105CO1010020,0.0
1105CO1010022,0.0
1105CO1010033,0.0
1105CO1010034,0.0
1105CO1010073,0.0
1105CO1010134,0.0
1105CO1010425,0.0
1105CO1010712,0.0
1105CO1010718,0.0
1105CO1010728,0.0
1105CO1010732,0.0
1105CO1010735,0.0
1105CO1010740,0.0
1105CO1010769,0.0
1105CO1010772,0.0
1105CO1010807,0.0
1105CO1010811,0.0
1105CO1010829,0.0
1105CO1010831,0.0
1105CO1010875,0.0
1105CO1010880,0.0
1105CO1010882,0.0
1105CO1010888,0.0
1105CO1010900,0.0
1105CO1011102,0.0
1105CO1011302,0.0
1105CO1011777,0.0
1105CO1011788,0.0
1105CO1011799,0.0
1105CO1012302,0.0
1105CO1012903,0.0
1105CO1013102,0.0
1105CO1013202,0.0
1105CO1013602,0.0
1105CO1013902,0.0
1105CO1013916,0.0
1105CO1013917,0.0
1105CO1014015,0.0
1105CO1014850,0.0
1105CO1015032,0.0
1105CO1015033,0.0
1105CO1015102,0.0
1105CO1015302,0.0
1105CO1015502,0.0
1105CO1016202,0.0
1105CO1016402,0.0
1105CO1016702,0.0
1105CO1016890,0.0
1105CO1016902,0.0
1105CO1017007,0.0
1105CO1017402,0.0
1105CO1017802,0.0
1105CO1017902,0.0
1105CO1018003,0.0
1105CO1018902,0.0
1105CO1019102,0.0
1105CO1019202,0.0
1105CO1019300,0.0
1105CO1019502,0.0
1105CO1019602,0.0
1106AN1010004,125.4
1106AN1010005,0.0
1106AN1010007,114.7
1106AN1010008,0.0
1106AN1010009,0.0
1106AN1010016,118.4
1106AN1010021,189.8
1106AN1010022,0.0
1106AN1010024,189.8
1106AN1010025,0.0
1106AN1010027,135.0
1106AN1010029,95.8
1106AN1010031,4.3
1106AN1010041,103.7
1106AN1010062,4.9
1106AN1010064,11.5
1106AN1010065,161.4
1106AN1010075,0.0
1106AN1010076,0.0
1106AN1010077,109.4
1106AN1010078,0.0
1106AN1010079,0.0
1106AN1010080,0.0
1106AN1010081,0.0
1106AN1010082,92.8
1106AN1010083,0.0
1106AN1010085,25.0
1106AN1010086,0.0
1106AN1010087,0.0
1106AN1010088,0.0
1106AN1010090,0.0
1106AN1010093,0.0
1106AN1010096,0.0
1106AN1010098,0.0
1106AN1010103,82.2
1106AN1010112,0.0
1106AN1010114,0.0
1106AN1010118,0.0
1106AN1010125,132.1
1106AN1010181,0.0
1106AN1010182,0.0
1107PA1010002,0.0
1107PA1010004,0.0
1107PA1010007,0.0
1107PA1010008,0.0
1107PA1010010,0.0
1107PA1010016,0.0
1107PA1010021,0.0
1107PA1010022,0.0
1107PA1010024,0.0
1107PA1010025,0.0
1107PA1010027,0.0
1107PA1010029,0.0
1107PA1010030,0.0
1107PA1010031,0.0
1107PA1010038,0.0
1107PA1010040,0.0
1107PA1010041,0.0
1107PA1010050,0.0
1107PA1010053,0.0
1107PA1010055,0.0
1107PA1010058,0.0
1107PA1010062,0.0
1107PA1010064,0.0
1107PA1010065,0.0
1107PA1010075,0.0
1107PA1010077,0.0
1107PA1010079,0.0
1107PA1010080,0.0
1107PA1010081,0.0
1107PA1010082,0.0
1107PA1010090,0.0
1107PA1010091,0.0
1107PA1010093,0.0
1107PA1010096,0.0
1107PA1010098,0.0
1107PA1010099,0.0
1107PA1010101,0.0
1107PA1010103,0.0
1107PA1010112,0.0
1107PA1010125,0.0
1107PA1010181,0.0
1107PA1010182,0.0
1107PA1010410,0.0
1107PA101DDDD,0.0
1108NA1010001,0.0
1108NA1010004,0.0
1108NA1010005,0.0
1108NA1010006,0.0
1108NA1010007,0.0
1108NA1010008,0.0
1108NA1010009,0.0
1108NA1010016,0.0
1108NA1010021,0.0
1108NA1010024,0.0
1108NA1010034,0.0
1108NA1010036,0.0
1108NA1010041,0.0
1108NA1010062,0.0
1108NA1010064,0.0
1108NA1010065,0.0
1108NA1010075,0.0
1108NA1010076,0.0
1108NA1010078,0.0
1108NA1010079,0.0
1108NA1010080,0.0
1108NA1010081,0.0
1108NA1010082,0.0
1108NA1010083,0.0
1108NA1010085,0.0
1108NA1010086,0.0
1108NA1010087,0.0
1108NA1010088,0.0
1108NA1010090,0.0
1108NA1010098,0.0
1108NA1010103,0.0
1108NA1010112,0.0
1109CO1010004,0.0
1109CO1010005,0.0
1109CO1010007,0.0
1109CO1010016,0.0
1109CO1010021,0.0
1109CO1010024,0.0
1109CO1010041,0.0
1109CO1010062,0.0
1109CO1010064,0.0
1109CO1010065,0.0
1109CO1010075,0.0
1109CO1010078,0.0
1109CO1010079,0.0
1109CO1010080,0.0
1109CO1010081,0.0
1109CO1010082,0.0
1109CO1010083,0.0
1109CO1010085,0.0
1109CO1010086,0.0
1109CO1010087,0.0
1109CO1010088,0.0
1109CO1010098,0.0
1109CO1010103,0.0
1109CO1010112,0.0
1110AN1010005,0.0
1110AN1010712,0.0
1110AN1010718,0.0
1110AN1010875,0.0
1110AN1011302,0.0
1110AN1012903,0.0
1110AN1013910,0.0
1110AN1015204,0.0
1110AN1017802,0.0
1110AN1018902,0.0
1111AN1010012,0.0
1111AN1010075,0.0
1111AN1010302,0.0
1111AN1010502,0.0
1111AN1010902,0.0
1111AN1010910,0.0
1112AN101MULT,25.93
1119AN1050472,15.05
1119AN1050475,10.25
1119AN1050477,0.8
1119AN1050478,4.65
1119AN1050481,1.1
1119AN1050482,26.6
1119AN1050487,42.15
1119AN1050488,43.25
1119AN1050489,0.0
1120NA1050003,0.0
1120NA1050029,0.0
1120NA1050034,0.0
1120NA1050038,0.0
1120NA1050073,0.0
1120NA1050279,0.0
1120NA1050425,0.0
1120NA1050439,0.0
1120NA1050539,0.0
1120NA1050701,0.0
1120NA1050702,0.0
1120NA1050703,0.0
1120NA1050707,0.0
1120NA1050710,0.0
1120NA1050712,0.0
1120NA1050715,0.0
1120NA1050716,0.0
1120NA1050718,0.0
1120NA1050721,0.0
1120NA1050722,0.0
1120NA1050723,0.0
1120NA1050724,0.0
1120NA1050725,0.0
1120NA1050726,0.0
1120NA1050727,0.0
1120NA1050728,0.0
1120NA1050729,0.0
1120NA1050730,0.0
1120NA1050731,0.0
1120NA1050732,0.0
1120NA1050733,0.0
1120NA1050734,0.0
1120NA1050735,0.0
1120NA1050740,0.0
1120NA1050745,0.0
1120NA1050747,0.0
1120NA1050749,0.0
1120NA1050757,0.0
1120NA1050764,0.0
1120NA1050765,0.0
1120NA1050769,0.0
1120NA1050772,0.0
1120NA1050799,0.0
1120NA1050807,0.0
1120NA1050824,0.0
1120NA1050829,0.0
1120NA1050845,0.0
1120NA1050846,0.0
1120NA1050849,0.0
1120NA1050880,0.0
1120NA1050882,0.0
1120NA1050883,0.0
1120NA1050902,0.0
1120NA1051100,0.0
1120NA1051302,0.0
1120NA1053102,0.0
1120NA1053916,0.0
1120NA1053917,0.0
1120NA1054015,0.0
1120NA1054221,0.0
1120NA1054253,0.0
1120NA1054850,0.0
1120NA1055029,0.0
1120NA1055032,0.0
1120NA1055033,0.0
1120NA1055102,0.0
1120NA1055113,0.0
1120NA1055204,0.0
1120NA1055302,0.0
1120NA1055303,0.0
1120NA1056202,0.0
1120NA1056502,0.0
1120NA1056890,0.0
1120NA1056902,0.0
1120NA1057000,0.0
1120NA1057902,0.0
1120NA1058003,0.0
1121PA1050029,0.0
1121PA1050034,0.0
1121PA1050073,0.0
1121PA1050425,0.0
1121PA1050439,0.0
1121PA1050712,0.0
1121PA1050723,0.0
1121PA1050726,0.0
1121PA1050727,0.0
1121PA1050730,0.0
1121PA1050731,0.0
1121PA1050732,0.0
1121PA1050740,0.0
1121PA1050749,0.0
1121PA1050769,0.0
1121PA1050807,0.0
1121PA1050811,0.0
1121PA1051100,0.0
1121PA1051102,0.0
1121PA1051302,0.0
1121PA1053602,0.0
1121PA1053916,0.0
1121PA1053917,0.0
1121PA1053937,0.0
1121PA1055033,0.0
1121PA1055302,0.0
1121PA1056702,0.0
1121PA1056890,0.0
1121PA1058003,0.0
1121PA1058902,0.0
1122PA1010073,0.0
1122PA1010712,0.0
1122PA1010726,0.0
1122PA1010728,0.0
1122PA1010740,0.0
1122PA1010769,0.0
1122PA1010807,0.0
1122PA1010811,0.0
1122PA1010824,0.0
1122PA1010875,0.0
1122PA1010882,0.0
1122PA1010883,0.0
1122PA1010902,0.0
1122PA1011100,0.0
1122PA1011102,0.0
1122PA1011302,0.0
1122PA1012302,0.0
1122PA1012903,0.0
1122PA1013202,0.0
1122PA1013602,0.0
1122PA1013916,0.0
1122PA1013917,0.0
1122PA1013937,0.0
1122PA1014502,0.0
1122PA1015202,0.0
1122PA1015204,0.0
1122PA1015302,0.0
1122PA1016202,0.0
1122PA1016890,0.0
1122PA1018003,0.0
1122PA1018902,0.0
1123AN1050001,1.6
1123AN1050002,0.0
1123AN1050003,0.0
1123AN1050004,0.0
1123AN1050005,0.0
1123AN1050006,1.25
1123AN1050007,0.0
1123AN1050008,0.0
1123AN1050009,0.0
1123AN1050010,0.0
1123AN1050011,1.6
1123AN1050012,0.95
1123AN1050013,0.8
1123AN1050014,0.0
1123AN1050015,21.0
1123AN1050016,0.0
1123AN1050017,0.85
1123AN1050018,2.0
1123AN1050019,0.0
1123AN1050020,86.0
1123AN1050021,0.0
1123AN1050022,0.2
1123AN1050023,63.05
1123AN1050024,1.4
1123AN1050025,50.2
1123AN1050026,0.2
1123AN1050027,1.05
1123AN1050028,123.95
1123AN1050029,0.0
1123AN1050030,3.2
1123AN1050031,0.0
1123AN1050032,0.0
1123AN1050033,0.0
1123AN1050034,0.0
1123AN1050035,0.0
1123AN1050036,0.0
1123AN1050037,0.39
1123AN1050041,0.45
1123AN1050134,0.0
1123AN1050425,0.0
1123AN1050718,10.8
1123AN1050829,1.4
1123AN1050831,12.5
1123AN1050888,1.9
1123AN1051777,0.65
1123AN1051788,1.1
1123AN1051799,0.5
1123AN1053602,1.45
1123AN1053902,136.5
1123AN1055032,1.5
1123AN1055204,0.0
1123AN1055502,0.6
1123AN1056902,189.75
1123AN1057802,0.0
1123AN1058003,1.05
1124NA1050001,0.0
1124NA1050003,0.0
1124NA1050006,0.0
1124NA1050008,0.0
1124NA1050011,0.0
1124NA1050012,0.0
1124NA1050013,0.0
1124NA1050014,0.0
1124NA1050015,0.0
1124NA1050018,0.0
1124NA1050019,0.0
1124NA1050021,0.0
1124NA1050023,0.0
1124NA1050024,0.0
1124NA1050025,0.0
1124NA1050026,0.0
1124NA1050029,0.0
1124NA1050030,0.0
1124NA1050032,0.0
1124NA1050034,0.0
1124NA1050038,0.0
1124NA1050042,0.0
1124NA1050046,0.0
1124NA1050051,0.0
1124NA1050053,0.0
1124NA1050054,0.0
1124NA1050057,0.0
1124NA1050108,0.0
1124NA1050121,0.0
1124NA1050145,0.0
1124NA1050155,0.0
1124NA1050171,0.0
1124NA1050175,0.0
1124NA1050186,0.0
1124NA1050332,0.0
1124NA1050735,0.0
1124NA1050745,0.0
1124NA1050804,0.0
1124NA1050830,0.0
1124NA1050900,0.0
1125AN1010022,0.0
1125AN1010033,0.0
1125AN1010718,0.0
1125AN1010735,0.0
1125AN1010769,0.0
1125AN1010882,0.0
1125AN1011102,0.0
1125AN1011302,0.0
1125AN1012903,0.0
1125AN1013602,0.0
1125AN1013916,0.0
1125AN1014850,0.0
1125AN1015001,0.0
1125AN1015003,0.0
1125AN1015005,0.0
1125AN1015006,0.0
1125AN1015032,0.0
1125AN1015302,0.0
1125AN1015303,0.0
1125AN1016702,0.0
1125AN1016890,0.0
1125AN1017007,0.0
1125AN1018003,0.0
1125AN1018902,0.0
1125AN1019102,0.0
1125AN1019202,0.0
1125AN1019502,0.0
1125AN1019602,0.0
1126PA1011102,0.0
1126PA1011302,0.0
1126PA1012903,0.0
1126PA1013602,0.0
1126PA1013916,0.0
1126PA1014850,0.0
1126PA1015003,0.0
1126PA1015005,0.0
1126PA1015303,0.0
1126PA1016890,0.0
1126PA1018902,0.0
1126PA1019202,0.0
1126PA1019502,0.0
1126PA1019602,0.0
1127AN1012920,0.0
1127AN1014882,0.0
1127AN1015011,0.0
1127AN1015317,0.0
1127AN1017410,0.0
1127AN1018911,0.0
1127AN1018991,0.0
1128PA1012920,0.0
1128PA1014882,0.0
1128PA1015011,0.0
1128PA1015317,0.0
1128PA1017410,0.0
1128PA1018911,0.0
1128PA1018991,0.0
1129ANB310001,0.0
1129ANB310002,0.0
1129ANB310003,0.0
1129ANB310004,0.0
1129ANB310005,0.0
1129ANB310006,0.0
1129ANB310007,0.0
1129ANB310008,0.0
1129ANB310009,0.0
1129ANB310010,0.0
1129ANB310011,0.0
1129ANB310012,0.0
1129ANB310013,0.0
1129ANB310014,0.0
1129ANB310015,0.0
1129ANB310016,0.0
1129ANB310017,0.0
1129ANB310018,0.0
1129ANB310019,0.0
1129ANB310022,0.0
1129ANB310769,255.4
1129ANB310772,258.7
1129ANB310831,16.8
1129ANB310888,54.4
1129ANB312903,237.7
1129ANB313602,276.4
1129ANB313916,140.1
1129ANB314850,217.6
1129ANB316890,180.5
1129ANB317007,127.3
1129ANB318003,84.4
1129ANB318902,155.1
1130PAB310001,0.0
1130PAB310002,0.0
1130PAB310003,0.0
1130PAB310004,0.0
1130PAB310005,0.0
1130PAB310006,0.0
1130PAB310007,0.0
1130PAB310008,0.0
1130PAB310010,0.0
1130PAB310011,0.0
1130PAB310012,0.0
1130PAB310013,0.0
1130PAB310014,0.0
1130PAB310015,0.0
1130PAB310016,0.0
1130PAB310114,0.0
1131PA1010073,0.0
1131PA1010439,0.0
1131PA1010811,0.0
1131PA1010821,0.0
1131PA1010829,0.0
1131PA1010830,0.0
1131PA1010846,0.0
1131PA1010882,0.0
1131PA1010883,0.0
1131PA1011100,0.0
1131PA1011102,0.0
1131PA1011302,0.0
1131PA1012302,0.0
1131PA1013916,0.0
1131PA1013917,0.0
1131PA1014850,0.0
1131PA1016890,0.0
1131PA1018902,0.0
1132PA1010004,0.0
1132PA1010007,0.0
1132PA1010010,0.0
1132PA1010021,0.0
1132PA1010024,0.0
1132PA1010038,0.0
1132PA1010058,0.0
1132PA1010062,0.0
1133AN1010100,0.0
1133AN1010101,0.0
1133AN1010102,0.0
1133AN1010103,0.0
1133AN1010104,0.0
1133AN1010105,0.0
1133AN1010106,0.0
1133AN1010107,0.0
1133AN1010108,0.0
1133AN1010109,0.0
1133AN1010110,0.0
1133AN1010112,0.0
1133AN1010115,0.0
1134ANB310300,0.0
1134ANB310301,0.0
1134ANB310302,0.0
1134ANB310303,0.0
1134ANB310304,0.0
1134ANB310314,0.0
1134ANB310316,0.0
1134ANB310324,0.0
1135AN1010041,0.0
1135AN1010718,0.0
1135AN1010769,0.0
1135AN1010772,0.0
1135AN1010829,0.0
1135AN1010831,0.0
1135AN1010875,0.0
1135AN1010888,0.0
1135AN1010900,0.0
1135AN1011102,0.0
1135AN1011302,0.0
1135AN1012903,0.0
1135AN1013602,0.0
1135AN1013902,0.0
1135AN1013916,0.0
1135AN1013917,0.0
1135AN1014850,0.0
1135AN1016702,0.0
1135AN1016890,0.0
1135AN1016902,0.0
1135AN1017007,0.0
1135AN1017802,0.0
1135AN1018902,0.0
1136AN1010004,0.0
1136AN1010010,0.0
1136AN1010015,0.0
1136AN1010016,0.0
1136AN1010017,0.0
1136AN1010019,0.0
1136AN1010024,0.0
1136AN1010028,0.0
1136AN1010041,0.0
1136AN1010049,0.0
1136AN1010064,0.0
1136AN1010065,0.0
1136AN1010082,0.0
1136AN1010085,0.0
1136AN1010099,0.0
1136AN1010100,0.0
1136AN1010103,0.0
1136AN1010114,0.0
1136AN1010115,0.0
1136AN1010116,0.0
1136AN1010118,0.0
1136AN1010124,0.0
1136AN1010125,0.0
1137BO1010022,0.0
1137BO1010301,0.0
1137BO1010302,0.0
1137BO1010303,0.0
1137BO1010304,0.0
1137BO1010305,0.0
1137BO1010306,0.0
1137BO1010307,0.0
1137BO1010308,0.0
1137BO1010735,0.0
1137BO1010811,0.0
1137BO1010829,0.0
1137BO1010882,0.0
1137BO1011302,0.0
1137BO1015502,0.0
1137BO1018902,0.0
1138PAT010073,88.3
1138PAT010718,0.0
1138PAT010735,70.0
1138PAT010769,0.0
1138PAT010772,0.0
1138PAT010811,0.0
1138PAT010829,0.0
1138PAT010875,0.0
1138PAT010880,0.0
1138PAT010883,0.0
1138PAT011100,0.0
1138PAT011102,0.0
1138PAT011302,0.0
1138PAT012903,0.0
1138PAT014850,0.0
1138PAT015502,0.0
1138PAT016702,0.0
1138PAT016890,0.0
1138PAT017707,0.0
1138PAT018003,0.0
1138PAT018902,91.0
1139AN1010718,0.0
1139AN1010735,0.0
1139AN1010769,0.0
1139AN1010772,0.0
1139AN1010807,0.0
1139AN1010829,0.0
1139AN1010880,0.0
1139AN1011102,0.0
1139AN1011302,0.0
1139AN1012903,0.0
1139AN1013202,0.0
1139AN1013602,0.0
1139AN1015502,0.0
1139AN1016702,0.0
1139AN1016890,0.0
1139AN1018003,0.0
1139AN1018902,0.0
1140NA1010001,111.0
1140NA1010003,81.6
1140NA1010004,254.2
1140NA1010005,11.0
1140NA1010007,239.2
1140NA1010008,100.1
1140NA1010009,0.0
1140NA1010011,0.0
1140NA1010026,277.5
1140NA1010033,0.0
1140NA1010034,229.7
1140NA1010073,165.7
1140NA1010084,0.0
1140NA1010232,0.0
1140NA1010439,27.2
1140NA1010730,18.3
1140NA1010731,176.5
1140NA1010732,364.7
1140NA1010734,260.4
1140NA1010824,0.0
1140NA1010829,103.3
1140NA1010892,0.0
1140NA1011102,424.1
1140NA1011302,222.5
1140NA1013303,0.0
1140NA1013952,23.8
1140NA1015202,0.0
1140NA1015204,0.0
1140NA1016902,0.0
1140NA1018902,32.3
1141CO1010001,0.0
1141CO1010003,0.0
1141CO1010005,0.0
1141CO1010007,0.0
1141CO1010026,0.0
1141CO1010034,0.0
1141CO1010073,0.0
1141CO1010730,0.0
1141CO1010734,0.0
1141CO1011102,0.0
1141CO1013952,0.0
1141CO1018902,0.0
1142AN1010004,0.0
1142AN1010005,0.0
1142AN1010009,0.0
1142AN1010020,0.0
1142AN1010022,0.0
1142AN1010036,0.0
1142AN1010043,0.0
1142AN1010049,0.0
1142AN1010051,0.0
1142AN1010053,0.0
1142AN1010054,0.0
1142AN1010055,0.0
1142AN1010056,0.0
1142AN1010057,0.0
1142AN1010058,0.0
1142AN1010059,0.0
1142AN1010060,0.0
1142AN1010061,0.0
1142AN1010062,0.0
1142AN1010063,0.0
1142AN1010064,0.0
1142AN1010067,0.0
1142AN1010068,0.0
1142AN1010085,0.0
1142AN1010093,0.0
1142AN1010096,0.0
1142AN1010110,0.0
1142AN1010229,0.0
1142AN1019122,0.0
1142AN1019215,0.0
1142AN1019512,0.0
1142AN1019519,0.0
1142AN1019605,0.0
1142AN1019645,0.0
1142AN1019768,0.0
1143CO1010004,0.0
1143CO1010005,0.0
1143CO1010009,0.0
1143CO1010020,0.0
1143CO1010051,0.0
1143CO1010055,0.0
1143CO1010056,0.0
1143CO1010058,0.0
1143CO1010060,0.0
1143CO1010061,0.0
1143CO1010062,0.0
1143CO1010063,0.0
1143CO1010067,0.0
1143CO1010110,0.0
1143CO101DDDD,0.0
1144NA7310001,0.0
1144NA7310003,0.0
1144NA7310005,0.0
1144NA7310026,0.0
1144NA7310034,0.0
1144NA7310073,0.0
1144NA7310727,0.0
1144NA7310730,0.0
1144NA7310731,0.0
1144NA7310734,0.0
1144NA7311102,0.0
1144NA7313952,0.0
1144NA7318003,0.0
1144NA7318902,0.0
1145AN7310001,0.0
1145AN7310003,0.0
1145AN7310005,0.1
1145AN7310026,0.9
1145AN7310034,1.7
1145AN7310073,-1.7
1145AN7310727,0.0
1145AN7310730,1.4
1145AN7310731,0.0
1145AN7310734,11.7
1145AN7311102,0.3
1145AN7313952,0.9
1145AN7318003,0.0
1145AN7318902,-0.7
1146PA1010003,0.0
1146PA1010008,0.0
1146PA1010073,0.0
1146PA1010225,0.0
1146PA1010730,0.0
1146PA1010734,0.0
1146PA1010807,0.0
1146PA1010824,0.0
1146PA1010829,0.0
1146PA1010875,0.0
1146PA1011102,80.0
1146PA1011302,170.0
1146PA1012102,50.0
1146PA1012302,0.0
1146PA1012922,0.0
1146PA1013102,0.0
1146PA1013105,0.0
1146PA1013202,0.0
1146PA1013303,0.0
1146PA1013952,0.0
1146PA1015102,0.0
1146PA1015502,0.0
1146PA1016002,0.0
1146PA1016102,0.0
1146PA1016202,0.0
1146PA1016502,0.0
1146PA1016702,0.0
1146PA1016902,0.0
1146PA1017102,0.0
1146PA1018003,0.0
1146PA1018202,0.0
1146PA1018205,0.0
1146PA1018902,0.0
1147PA1010004,0.0
1147PA1010007,0.0
1147PA1010009,0.0
1147PA1010020,0.0
1147PA1010021,0.0
1147PA1010022,0.0
1147PA1010023,0.0
1147PA1010024,0.0
1147PA1010026,0.0
1147PA1010028,0.0
1147PA1010031,0.0
1147PA1010032,0.0
1147PA1010038,0.0
1147PA1010056,0.0
1147PA1010060,0.0
1147PA1010064,0.0
1147PA1010085,0.0
1147PA1010110,0.0
1147PA1010201,0.0
1147PA1010205,0.0
1147PA1010210,0.0
1147PA1010216,0.0
1147PA1010225,0.0
1147PA1010228,0.0
1147PA1010229,0.0
1147PA1010231,0.0
1147PA1010285,0.0
1148AN1010003,224.2
1148AN1010014,124.5
1148AN1010024,333.0
1148AN1010026,516.1
1148AN1010034,252.3
1148AN1010039,139.6
1148AN1010041,205.9
1148AN1010050,272.8
1148AN1010081,322.0
1148AN1010229,253.0
1148AN1010439,188.3
1148AN1010730,95.6
1148AN1010734,151.1
1148AN1010812,160.4
1148AN1010831,312.3
1148AN1010875,226.3
1148AN1010888,240.5
1148AN1011102,672.7
1148AN1011302,243.8
1148AN1013401,131.3
1148AN1013602,183.9
1148AN1013902,259.9
1148AN1014204,85.4
1148AN1016402,184.8
1148AN1018902,302.6
1149PA7310001,0.0
1149PA7310003,0.0
1149PA7310005,0.0
1149PA7310026,0.0
1149PA7310034,0.0
1149PA7310073,0.0
1149PA7310727,0.0
1149PA7310730,0.0
1149PA7310731,0.0
1149PA7310734,0.0
1149PA7311102,0.0
1149PA7313952,0.0
1149PA7318003,0.0
1149PA7318902,0.0
1150AN0T10033,249.5
1150AN0T10041,463.7
1150AN0T10425,401.2
1150AN0T10712,440.0
1150AN0T10718,448.9
1150AN0T10735,633.6
1150AN0T10740,577.0
1150AN0T10769,660.9
1150AN0T10772,423.8
1150AN0T10807,511.2
1150AN0T10811,333.4
1150AN0T10829,447.5
1150AN0T10875,787.0
1150AN0T10883,0.0
1150AN0T11102,1101.6
1150AN0T11302,643.9
1150AN0T12302,0.0
1150AN0T12903,512.0
1150AN0T13002,0.0
1150AN0T13202,427.4
1150AN0T13602,643.8
1150AN0T13902,0.0
1150AN0T13916,337.1
1150AN0T14015,0.0
1150AN0T14850,364.0
1150AN0T15032,298.2
1150AN0T16702,399.1
1150AN0T16902,837.9
1150AN0T17007,405.1
1150AN0T17902,0.0
1150AN0T18003,368.1
1150AN0T18902,1456.6
1151PAT010033,124.4
1151PAT010041,85.8
1151PAT010073,110.0
1151PAT010425,100.4
1151PAT010718,121.5
1151PAT010735,70.0
1151PAT010740,50.0
1151PAT010769,40.0
1151PAT010772,140.0
1151PAT010807,120.0
1151PAT010811,147.9
1151PAT010829,70.0
1151PAT010875,100.0
1151PAT010880,0.0
1151PAT010883,0.0
1151PAT011100,150.0
1151PAT011102,40.0
1151PAT011302,127.6
1151PAT012302,0.0
1151PAT012903,60.0
1151PAT013202,80.0
1151PAT013916,70.0
1151PAT014850,79.9
1151PAT015032,100.8
1151PAT015502,0.0
1151PAT016702,70.0
1151PAT016890,127.9
1151PAT016902,0.0
1151PAT017007,94.3
1151PAT018003,69.9
1151PAT018902,100.0
1152AN0110041,0.0
1152AN0110425,0.0
1152AN0110735,0.0
1152AN0110740,0.0
1152AN0110769,0.0
1152AN0110772,0.0
1152AN0110807,0.0
1152AN0110811,0.0
1152AN0110829,0.0
1152AN0110831,0.0
1152AN0110882,0.0
1152AN0111102,0.0
1152AN0111302,0.0
1152AN0111777,0.0
1152AN0111788,0.0
1152AN0111799,0.0
1152AN0112903,0.0
1152AN0113202,0.0
1152AN0113602,0.0
1152AN0113902,0.0
1152AN0114850,0.0
1152AN0115032,0.0
1152AN0115502,0.0
1152AN0116702,0.0
1152AN0116902,0.0
1152AN0117007,0.0
1152AN0117009,0.0
1152AN0117802,0.0
1152AN0118003,0.0
1152AN0118902,0.0
1153AN0T50033,23.01
1153AN0T50041,44.5
1153AN0T50425,69.4
1153AN0T50712,50.35
1153AN0T50718,31.0
1153AN0T50735,45.0
1153AN0T50740,2.5
1153AN0T50769,87.5
1153AN0T50772,71.05
1153AN0T50807,65.85
1153AN0T50811,42.45
1153AN0T50829,79.5
1153AN0T50875,108.6
1153AN0T51102,26.85
1153AN0T51302,112.41
1153AN0T52903,121.0
1153AN0T53202,22.0
1153AN0T53602,51.75
1153AN0T53916,65.5
1153AN0T54850,64.0
1153AN0T55032,0.0
1153AN0T56702,69.0
1153AN0T56902,61.5
1153AN0T57007,159.0
1153AN0T58003,109.35
1153AN0T58902,126.01
1154AN1010472,0.2
1154AN1010475,0.0
1154AN1010477,2.0
1154AN1010478,1.1
1154AN1010481,1.0
1154AN1010482,2.0
1154AN1010487,2.0
1154AN1010488,-0.1
1154AN1010489,0.0
1155AN1010718,45.0
1155AN1010728,0.0
1155AN1010735,1.0
1155AN1010740,-0.1
1155AN1010769,0.0
1155AN1010772,-0.5
1155AN1010807,0.0
1155AN1010811,129.0
1155AN1010829,0.0
1155AN1010875,-3.0
1155AN1010880,0.0
1155AN1010888,-3.3
1155AN1011102,-1.0
1155AN1011302,365.5
1155AN1012903,0.0
1155AN1013202,-0.8
1155AN1013602,311.1
1155AN1014850,0.4
1155AN1015502,0.0
1155AN1016702,3.0
1155AN1016890,0.0
1155AN1016902,0.0
1155AN1018003,1.0
1155AN1018902,-0.2
1200AN1010001,0.0
1200AN1010002,0.0
1200AN1010003,0.0
1200AN1010004,0.0
1200AN1010005,0.0
1200AN1010006,0.0
1200AN1010007,0.0
1200AN1010008,0.0
1200AN1010009,0.0
1200AN1010010,0.0
1200AN1010011,0.0
1200AN1010012,0.0
1200AN1010013,0.0
1200AN1010014,0.0
1200AN1010015,0.0
1200AN1010016,0.0
1200AN1010875,0.0
1200AN1013916,0.0
1201AN2210001,0.0
1201AN2210002,0.0
1201AN2210003,0.0
1201AN2210004,0.0
1201AN2210005,0.0
1201AN2210006,0.0
1201AN2210007,0.0
1201AN2210008,0.0
1201AN2210009,0.0
1201AN2210010,0.0
1201AN2210011,0.0
1202AN2010001,0.0
1202AN2010002,0.0
1202AN2010003,0.0
1202AN2010004,0.0
1202AN2010005,0.0
1202AN2010006,0.0
1202AN2010007,0.0
1202AN2010008,0.0
1202AN2010009,0.0
1202AN2010010,0.0
1202AN2010011,0.0
1202AN2010012,0.0
1203AN4210005,0.0
1203AN4210009,0.0
1203AN4210036,0.0
1203AN4210718,0.0
1203AN4210769,0.0
1203AN4210829,0.0
1203AN4210875,0.0
1203AN4210882,0.0
1203AN4211302,0.0
1203AN4212903,0.0
1203AN4213602,0.0
1203AN4213902,0.0
1203AN4213916,0.0
1203AN4213917,0.0
1203AN4216890,0.0
1203AN4217402,0.0
1203AN4218003,0.0
1203AN4218902,0.0
1203AN4219202,0.0
1204AN1010004,0.0
1204AN1010005,0.0
1204AN1010006,0.0
1204AN1010007,0.0
1204AN1010008,0.0
1204AN1010009,0.0
1204AN1010016,0.0
1204AN1010020,0.0
1204AN1010021,0.0
1204AN1010024,0.0
1204AN1010028,0.0
1204AN1010029,0.0
1204AN1010032,0.0
1204AN1010034,0.0
1204AN1010040,0.0
1204AN1010042,0.0
1204AN1010043,0.0
1204AN1010044,0.0
1204AN1010048,0.0
1205PA1010001,0.0
1205PA1010048,0.0
1205PA1010055,0.0
1205PA1013799,0.0
1205PA1013800,0.0
1205PA1013801,0.0
1205PA1013802,0.0
1205PA1013803,0.0
1205PA1013804,0.0
1205PA1013815,0.0
1205PA1013816,0.0
1205PA1013818,0.0
1205PA1013827,0.0
1205PA1013892,0.0
1205PA1013893,0.0
1205PA1013897,0.0
1205PA1013902,0.0
1205PA1013930,0.0
1205PA1013943,0.0
1205PA1013980,0.0
1206AN1010004,0.0
1206AN1010065,0.0
1206AN1010098,0.0
1206AN1010106,0.0
1206AN1010129,0.0
1206AN1010141,0.0
1206AN1010183,0.0
1206AN1010974,0.0
1206AN1019501,0.0
1206AN1019592,0.0
1206AN1019671,0.0
1206AN1019836,0.0
1207ANL310029,0.0
1207ANL310875,0.0
1207ANL310888,0.0
1207ANL311302,0.0
1207ANL313902,0.0
1207ANL313910,0.0
1207ANL313916,0.0
1207ANL315204,0.0
1207ANL317007,0.0
1207ANL318902,0.0
1208AN1010004,0.0
1208AN1010005,0.0
1208AN1010006,0.0
1208AN1010007,0.0
1208AN1010008,0.0
1208AN1010009,0.0
1208AN1010016,0.0
1208AN1010020,0.0
1208AN1010021,0.0
1208AN1010024,0.0
1208AN1010026,0.0
1208AN1010028,0.0
1208AN1010029,0.0
1208AN1010032,0.0
1208AN1010034,0.0
1208AN1010042,0.0
1208AN1010043,0.0
1208AN1010044,0.0
1208AN1010048,0.0
1208AN1010400,0.0
1208AN1010526,0.0
1208AN1010578,0.0
1208AN1010672,0.0
1209AN3210003,0.0
1209AN3210007,0.0
1209AN3210010,0.0
1209AN3210012,0.0
1209AN3210013,0.0
1209AN3210014,0.0
1209AN3210015,0.0
1209AN3210073,0.0
1209AN3210888,0.0
1209AN3213902,0.0
1209AN3214850,0.0
1209AN3218003,0.0
1209AN3219202,0.0
1209AN3219302,0.0
1209AN3219602,0.0
1210AN2010001,0.0
1211ANA310006,0.0
1211ANA310007,0.0
1211ANA310008,0.0
1211ANA310009,0.0
1211ANA310016,0.0
1211ANA310020,0.0
1211ANA310021,0.0
1211ANA310024,0.0
1211ANA310028,0.0
1211ANA310032,0.0
1211ANA310034,0.0
1211ANA310042,0.0
1211ANA310043,0.0
1211ANA310044,0.0
1211ANA310048,0.0
1211ANA310526,0.0
1211ANA310578,0.0
1211ANA310672,0.0
1220AN2211239,0.0
1220AN2211290,0.0
1220AN2219415,0.0
1220AN2219489,0.0
1220AN2219669,0.0
1220AN2219806,0.0
1220AN2219843,0.0
1220AN2219868,0.0
1221AN1010700,0.0
1221AN1010701,0.0
1221AN1010702,0.0
1221AN1010703,0.0
1221AN1010704,0.0
1221AN1010705,0.0
1221AN1010706,0.0
1221AN1010707,0.0
1221AN1010708,0.0
1221AN1010709,0.0
1221AN1010710,0.0
1221AN1010711,0.0
1300ANV010003,95.8
1300ANV010022,171.4
1300ANV010026,140.8
1300ANV010028,63.6
1300ANV010029,93.8
1300ANV010030,0.0
1300ANV010033,96.0
1300ANV010035,0.0
1300ANV010055,224.3
1300ANV010081,181.4
1300ANV010134,0.0
1300ANV010205,257.7
1300ANV010209,109.1
1300ANV010216,84.2
1300ANV010223,252.0
1300ANV010225,156.4
1300ANV010229,119.7
1300ANV010231,156.7
1300ANV010234,0.0
1300ANV010259,223.6
1300ANV010279,397.6
1300ANV010281,117.6
1300ANV010288,128.4
1300ANV010289,139.0
1300ANV010425,88.7
1300ANV010439,141.7
1300ANV010712,12.5
1300ANV010730,130.5
1300ANV010731,18.2
1300ANV010734,0.0
1300ANV011033,282.8
1300ANV011102,675.9
1300ANV011281,210.6
1300ANV011302,331.6
1300ANV011777,21.5
1300ANV011788,96.4
1300ANV011799,34.5
1300ANV012502,54.4
1300ANV012903,0.0
1300ANV013308,0.0
1300ANV013401,235.2
1300ANV013602,491.6
1300ANV014015,0.0
1300ANV014204,21.4
1300ANV014850,191.4
1300ANV015032,0.0
1300ANV015102,0.0
1300ANV016202,0.0
1300ANV016210,112.0
1300ANV016211,6.3
1300ANV016212,158.7
1300ANV016213,174.7
1300ANV016214,173.0
1300ANV016215,90.9
1300ANV016402,150.1
1300ANV016702,0.0
1300ANV016890,208.9
1300ANV017802,104.5
1300ANV018102,71.5
1300ANV018252,71.4
1300ANV018254,92.4
1300ANV018257,210.1
1300ANV018259,168.5
1300ANV018262,92.9
1300ANV018902,388.0
1301PAV010003,0.0
1301PAV010022,0.0
1301PAV010026,0.0
1301PAV010028,0.0
1301PAV010029,0.0
1301PAV010033,0.0
1301PAV010034,0.0
1301PAV010055,0.0
1301PAV010081,0.0
1301PAV010209,0.0
1301PAV010216,0.0
1301PAV010223,0.0
1301PAV010225,0.0
1301PAV010229,0.0
1301PAV010279,0.0
1301PAV010281,0.0
1301PAV010425,0.0
1301PAV010439,0.0
1301PAV010712,0.0
1301PAV010731,0.0
1301PAV010824,0.0
1301PAV011102,0.0
1301PAV011302,0.0
1301PAV011777,0.0
1301PAV011788,0.0
1301PAV011799,0.0
1301PAV012502,0.0
1301PAV012903,0.0
1301PAV013308,0.0
1301PAV013401,0.0
1301PAV013602,0.0
1301PAV014204,0.0
1301PAV014850,0.0
1301PAV015802,0.0
1301PAV016214,0.0
1301PAV016215,0.0
1301PAV016302,0.0
1301PAV016402,0.0
1301PAV016702,0.0
1301PAV016890,0.0
1301PAV017802,0.0
1301PAV018001,0.0
1301PAV018102,0.0
1301PAV018902,0.0
1302PAV010022,0.0
1302PAV010028,0.0
1302PAV010029,0.0
1302PAV010033,0.0
1302PAV010035,0.0
1302PAV010205,0.0
1302PAV010209,0.0
1302PAV010223,0.0
1302PAV010229,0.0
1302PAV010234,0.0
1302PAV010279,0.0
1302PAV010289,0.0
1302PAV010425,0.0
1302PAV010439,0.0
1302PAV010712,0.0
1302PAV010730,0.0
1302PAV010824,0.0
1302PAV011102,0.0
1302PAV011302,0.0
1302PAV012502,0.0
1302PAV013401,0.0
1302PAV013408,0.0
1302PAV013602,0.0
1302PAV015802,0.0
1302PAV016210,0.0
1302PAV016214,0.0
1302PAV016215,0.0
1302PAV016302,0.0
1302PAV016402,0.0
1302PAV018252,0.0
1302PAV018257,0.0
1302PAV018259,0.0
1302PAV018902,0.0
1303PAV010022,0.0
1303PAV010028,0.0
1303PAV010033,0.0
1303PAV010209,0.0
1303PAV010216,0.0
1303PAV010223,0.0
1303PAV010229,0.0
1303PAV010234,0.0
1303PAV010259,0.0
1303PAV010279,0.0
1303PAV010289,0.0
1303PAV010425,0.0
1303PAV010439,0.0
1303PAV010730,0.0
1303PAV010731,0.0
1303PAV011102,0.0
1303PAV011302,0.0
1303PAV011777,0.0
1303PAV011788,0.0
1303PAV011799,0.0
1303PAV013401,0.0
1303PAV013602,0.0
1303PAV014028,0.0
1303PAV014204,0.0
1303PAV014850,0.0
1303PAV016202,0.0
1303PAV016210,0.0
1303PAV016213,0.0
1303PAV016214,0.0
1303PAV016215,0.0
1303PAV016402,0.0
1303PAV016407,0.0
1303PAV016702,0.0
1303PAV016890,0.0
1303PAV017802,0.0
1303PAV018001,0.0
1303PAV018102,0.0
1303PAV018259,0.0
1303PAV018902,0.0
1304NAV010003,0.0
1304NAV010022,0.0
1304NAV010026,0.0
1304NAV010028,0.0
1304NAV010029,0.0
1304NAV010033,0.0
1304NAV010055,0.0
1304NAV010081,0.0
1304NAV010134,0.0
1304NAV010205,0.0
1304NAV010209,0.0
1304NAV010216,0.0
1304NAV010223,0.0
1304NAV010225,0.0
1304NAV010229,0.0
1304NAV010231,0.0
1304NAV010234,0.0
1304NAV010259,0.0
1304NAV010279,0.0
1304NAV010281,0.0
1304NAV010288,0.0
1304NAV010289,0.0
1304NAV010425,0.0
1304NAV010439,0.0
1304NAV010705,0.0
1304NAV010712,0.0
1304NAV010723,0.0
1304NAV010730,0.0
1304NAV010731,0.0
1304NAV010769,0.0
1304NAV011102,0.0
1304NAV011302,0.0
1304NAV011777,0.0
1304NAV011788,0.0
1304NAV011799,0.0
1304NAV012903,0.0
1304NAV013401,0.0
1304NAV013602,0.0
1304NAV014015,0.0
1304NAV014204,0.0
1304NAV014850,0.0
1304NAV015032,0.0
1304NAV016210,0.0
1304NAV016211,0.0
1304NAV016212,0.0
1304NAV016213,0.0
1304NAV016214,0.0
1304NAV016215,0.0
1304NAV016402,0.0
1304NAV016890,0.0
1304NAV017802,0.0
1304NAV018102,0.0
1304NAV018902,0.0
1305ANV010001,51.0
1305ANV010002,46.3
1305ANV010003,44.5
1305ANV010004,6.2
1305ANV010005,38.9
1305ANV010006,14.2
1305ANV010007,20.9
1305ANV010008,5.3
1305ANV010009,40.6
1305ANV010010,1.7
1305ANV010011,59.6
1305ANV010016,0.0
1305ANV010021,0.0
1305ANV010024,0.0
1305ANV010025,0.0
1305ANV010026,0.0
1305ANV010030,0.0
1305ANV010034,0.0
1305ANV010041,0.0
1305ANV010050,0.0
1305ANV010051,0.0
1305ANV010062,0.0
1305ANV010064,0.0
1305ANV010065,0.0
1305ANV010090,0.0
1305ANV010098,0.0
1305ANV010101,0.0
1305ANV010102,0.0
1305ANV010103,0.0
1305ANV010104,0.0
1305ANV010105,0.0
1305ANV010106,0.0
1305ANV010107,0.0
1305ANV010108,0.0
1305ANV010109,0.0
1305ANV010110,0.0
1305ANV010111,0.0
1305ANV010112,0.0
1305ANV010113,0.0
1305ANV010120,0.0
1305ANV010121,0.0
1305ANV010122,0.0
1305ANV010123,0.0
1305ANV010124,0.0
1305ANV010125,0.0
1305ANV010126,0.0
1305ANV010127,0.0
1305ANV010128,0.0
1305ANV010129,0.0
1305ANV010130,0.0
1305ANV010131,0.0
1306PAV010021,0.0
1306PAV010024,0.0
1307NAV010004,0.0
1307NAV010006,0.0
1307NAV010007,0.0
1307NAV010008,0.0
1307NAV010009,0.0
1307NAV010016,0.0
1307NAV010021,0.0
1307NAV010024,0.0
1307NAV010025,0.0
1307NAV010026,0.0
1307NAV010030,0.0
1307NAV010034,0.0
1307NAV010041,0.0
1307NAV010065,0.0
1307NAV010090,0.0
1308ANV010003,130.9
1308ANV010022,142.6
1308ANV010026,0.0
1308ANV010028,140.1
1308ANV010029,255.3
1308ANV010030,0.0
1308ANV010033,104.3
1308ANV010035,0.0
1308ANV010055,0.0
1308ANV010081,153.2
1308ANV010134,0.0
1308ANV010205,101.5
1308ANV010209,1.5
1308ANV010216,0.0
1308ANV010223,174.6
1308ANV010225,211.7
1308ANV010229,86.8
1308ANV010231,0.0
1308ANV010234,0.0
1308ANV010259,0.0
1308ANV010279,0.0
1308ANV010281,0.0
1308ANV010288,0.0
1308ANV010289,47.0
1308ANV010425,71.7
1308ANV010439,104.0
1308ANV010712,106.9
1308ANV010730,190.2
1308ANV010731,197.3
1308ANV010734,0.0
1308ANV011102,22.3
1308ANV011302,345.8
1308ANV011777,0.0
1308ANV011788,0.0
1308ANV011799,0.0
1308ANV012502,0.0
1308ANV012903,0.0
1308ANV013308,0.0
1308ANV013401,86.7
1308ANV013602,188.0
1308ANV014015,0.0
1308ANV014204,0.0
1308ANV014850,111.5
1308ANV015032,0.0
1308ANV015102,0.0
1308ANV016202,0.0
1308ANV016210,67.5
1308ANV016211,0.0
1308ANV016212,166.7
1308ANV016213,184.3
1308ANV016214,0.0
1308ANV016215,210.3
1308ANV016402,145.6
1308ANV016702,0.0
1308ANV016890,0.0
1308ANV017402,0.0
1308ANV017802,0.0
1308ANV018102,120.4
1308ANV018252,0.0
1308ANV018254,191.6
1308ANV018257,292.2
1308ANV018259,0.0
1308ANV018262,0.0
1308ANV018902,316.6
1310ANV010022,146.3
1310ANV010029,57.1
1310ANV010032,181.8
1310ANV010033,-0.5
1310ANV010034,0.0
1310ANV010081,106.6
1310ANV010181,0.0
1310ANV010201,0.0
1310ANV010205,174.1
1310ANV010209,33.0
1310ANV010210,221.6
1310ANV010216,98.5
1310ANV010220,0.0
1310ANV010225,90.4
1310ANV010229,115.2
1310ANV010230,0.0
1310ANV010231,69.1
1310ANV010234,173.4
1310ANV010256,0.0
1310ANV010279,149.1
1310ANV010288,84.2
1310ANV010289,135.8
1310ANV010425,60.0
1310ANV010439,69.7
1310ANV010712,75.9
1310ANV010730,0.0
1310ANV010731,183.6
1310ANV010810,0.0
1310ANV010824,0.0
1310ANV010903,145.2
1310ANV011102,368.8
1310ANV011302,237.9
1310ANV013308,0.0
1310ANV013401,55.9
1310ANV013602,67.5
1310ANV014204,53.2
1310ANV014850,2.7
1310ANV016202,0.0
1310ANV016210,28.2
1310ANV016213,185.8
1310ANV016214,0.0
1310ANV016215,245.4
1310ANV016402,50.6
1310ANV016890,0.0
1310ANV017006,0.0
1310ANV017802,31.8
1310ANV018001,0.0
1310ANV018102,108.5
1310ANV018252,66.5
1310ANV018254,62.5
1310ANV018257,85.5
1310ANV018259,157.8
1310ANV018262,120.6
1310ANV018902,432.2
1311PAV010022,0.0
1311PAV010033,0.0
1311PAV010034,0.0
1311PAV010205,60.0
1311PAV010209,70.0
1311PAV010210,0.0
1311PAV010216,0.0
1311PAV010225,0.0
1311PAV010229,70.0
1311PAV010234,0.0
1311PAV010279,0.0
1311PAV010289,20.0
1311PAV010425,0.0
1311PAV010439,0.0
1311PAV010712,0.0
1311PAV011033,0.0
1311PAV011102,0.0
1311PAV011302,0.0
1311PAV012903,0.0
1311PAV013401,0.0
1311PAV013602,78.4
1311PAV013869,0.0
1311PAV013874,0.0
1311PAV013908,0.0
1311PAV014204,20.0
1311PAV014850,0.0
1311PAV015802,0.0
1311PAV016210,0.0
1311PAV016213,0.0
1311PAV016214,0.0
1311PAV016215,50.0
1311PAV016402,0.0
1311PAV016890,0.0
1311PAV017802,0.0
1311PAV018001,0.0
1311PAV018102,20.0
1311PAV018254,0.0
1311PAV018902,120.0
1312NAV010022,0.0
1312NAV010029,0.0
1312NAV010033,0.0
1312NAV010081,0.0
1312NAV010201,0.0
1312NAV010205,0.0
1312NAV010209,0.0
1312NAV010216,0.0
1312NAV010225,0.0
1312NAV010229,0.0
1312NAV010230,0.0
1312NAV010231,0.0
1312NAV010234,0.0
1312NAV010279,0.0
1312NAV010288,0.0
1312NAV010289,0.0
1312NAV010425,0.0
1312NAV010439,0.0
1312NAV010712,0.0
1312NAV010730,0.0
1312NAV010731,0.0
1312NAV010830,0.0
1312NAV011102,0.0
1312NAV011302,0.0
1312NAV013401,0.0
1312NAV013602,0.0
1312NAV014204,0.0
1312NAV014850,0.0
1312NAV016210,0.0
1312NAV016213,0.0
1312NAV016215,0.0
1312NAV016402,0.0
1312NAV016890,0.0
1312NAV017802,0.0
1312NAV018102,0.0
1312NAV018902,0.0
1313ANV010004,0.0
1313ANV010006,0.0
1313ANV010007,0.0
1313ANV010008,0.0
1313ANV010009,0.0
1313ANV010016,0.0
1313ANV010021,0.0
1313ANV010024,0.0
1313ANV010025,0.0
1313ANV010026,0.0
1313ANV010027,0.0
1313ANV010028,0.0
1313ANV010030,0.0
1313ANV010031,0.0
1313ANV010032,0.0
1313ANV010033,0.0
1313ANV010034,0.0
1313ANV010035,0.0
1313ANV010036,0.0
1313ANV010037,0.0
1313ANV010038,0.0
1313ANV010041,0.0
1313ANV010064,0.0
1313ANV010065,0.0
1313ANV010081,0.0
1313ANV010082,0.0
1313ANV010083,0.0
1313ANV010084,0.0
1313ANV010098,0.0
1313ANV010101,0.0
1313ANV010105,0.0
1314PAV010016,0.0
1314PAV010021,0.0
1314PAV010024,0.0
1314PAV010025,0.0
1314PAV010026,0.0
1314PAV010041,0.0
1315NAV010004,0.0
1315NAV010006,0.0
1315NAV010007,0.0
1315NAV010008,0.0
1315NAV010009,0.0
1315NAV010016,0.0
1315NAV010021,0.0
1315NAV010024,0.0
1315NAV010025,0.0
1315NAV010026,0.0
1315NAV010027,0.0
1315NAV010028,0.0
1315NAV010030,0.0
1315NAV010031,0.0
1315NAV010032,0.0
1315NAV010033,0.0
1315NAV010034,0.0
1315NAV010035,0.0
1315NAV010036,0.0
1315NAV010037,0.0
1315NAV010038,0.0
1315NAV010041,0.0
1315NAV010064,0.0
1315NAV010065,0.0
1315NAV010081,0.0
1315NAV010082,0.0
1315NAV010083,0.0
1315NAV010084,0.0
1315NAV010098,0.0
1315NAV010101,0.0
1315NAV010105,0.0
1316ANV015334,0.0
1316ANV015335,0.0
1316ANV015336,0.0
1316ANV015337,0.0
1316ANV015338,0.0
1316ANV015339,0.0
1316ANV015340,0.0
1316ANV015341,0.0
1316ANV015342,0.0
1316ANV015343,0.0
1316ANV015344,0.0
1316ANV015345,0.0
1316ANV015346,0.0
1316ANV015347,0.0
1316ANV015348,0.0
1316ANV015349,0.0
1316ANV015350,0.0
1316ANV015351,0.0
1316ANV015352,0.0
1316ANV015353,0.0
1316ANV01DDDD,0.0
1320ANV010022,86.0
1320ANV010026,104.5
1320ANV010029,0.0
1320ANV010030,0.0
1320ANV010033,88.9
1320ANV010035,66.5
1320ANV010055,113.8
1320ANV010081,0.0
1320ANV010134,66.2
1320ANV010205,226.6
1320ANV010225,0.0
1320ANV010229,98.6
1320ANV010279,0.0
1320ANV010289,178.9
1320ANV010425,112.7
1320ANV010439,0.0
1320ANV010712,42.8
1320ANV010731,0.0
1320ANV011102,165.3
1320ANV011302,211.1
1320ANV013602,60.1
1320ANV016210,54.9
1320ANV016211,0.0
1320ANV016212,140.2
1320ANV016213,0.0
1320ANV016215,219.7
1320ANV016402,140.5
1320ANV018102,138.2
1320ANV018902,108.3
1321PAV010022,0.0
1321PAV010026,0.0
1321PAV010029,0.0
1321PAV010030,0.0
1321PAV010033,0.0
1321PAV010035,0.0
1321PAV010055,0.0
1321PAV010134,0.0
1321PAV010205,0.0
1321PAV010229,0.0
1321PAV010279,0.0
1321PAV010289,0.0
1321PAV010425,0.0
1321PAV010439,0.0
1321PAV010712,0.0
1321PAV010731,0.0
1321PAV011102,0.0
1321PAV011302,0.0
1321PAV013602,0.0
1321PAV016210,0.0
1321PAV016211,0.0
1321PAV016213,0.0
1321PAV016402,0.0
1321PAV018102,0.0
1321PAV018902,0.0
1322NAV010022,0.0
1322NAV010026,0.0
1322NAV010029,0.0
1322NAV010030,0.0
1322NAV010033,0.0
1322NAV010035,0.0
1322NAV010055,0.0
1322NAV010081,0.0
1322NAV010134,0.0
1322NAV010205,0.0
1322NAV010225,0.0
1322NAV010229,0.0
1322NAV010279,0.0
1322NAV010289,0.0
1322NAV010425,0.0
1322NAV010439,0.0
1322NAV010712,0.0
1322NAV010731,0.0
1322NAV010769,0.0
1322NAV011102,0.0
1322NAV011302,0.0
1322NAV013602,0.0
1322NAV016210,0.0
1322NAV016211,0.0
1322NAV016212,0.0
1322NAV016213,0.0
1322NAV016402,0.0
1322NAV018102,0.0
1322NAV018902,0.0
1323AN6010001,0.0
1323AN6010002,0.0
1323AN6010003,0.0
1323AN6010004,0.0
1323AN6010005,0.0
1323AN6010006,0.0
1323AN6010007,0.0
1323AN6010008,0.0
1323AN6010009,0.0
1323AN6010010,0.0
1323AN6010011,0.0
1323AN6010012,0.0
1323AN6010013,0.0
1323AN6010014,0.0
1323AN6010015,0.0
1323AN6010016,0.0
1323AN6010017,0.0
1324AN6010001,0.0
1324AN6010002,0.0
1324AN6010003,0.0
1324AN6010004,0.0
1324AN6010005,0.0
1324AN6010006,0.0
1324AN6010007,0.0
1324AN6010008,0.0
1324AN6010009,0.0
1324AN6010010,0.0
1324AN6010011,0.0
1324AN6010012,0.0
1324AN6010013,0.0
1324AN6010014,0.0
1324AN6010015,0.0
1324AN6010016,0.0
1324AN6010017,0.0
1324AN6010018,0.0
1324AN6010019,0.0
1324AN6010020,0.0
1324AN6010021,0.0
1324AN6010022,0.0
1324AN6010023,0.0
1324AN6010024,0.0
1324AN6010025,0.0
1324AN6010026,0.0
1324AN6010027,0.0
1325ANV010011,0.0
1325ANV010012,0.0
1325ANV010014,0.0
1325ANV010022,0.0
1325ANV010024,0.0
1325ANV010026,0.0
1325ANV010031,0.0
1326AN7110022,0.0
1326AN7110033,0.0
1326AN7110205,0.0
1326AN7111102,0.0
1326AN7111302,0.0
1326AN7113602,0.0
1326AN7118902,0.0
1327AN7110004,0.0
1327AN7110016,0.0
1327AN7110021,0.0
1327AN7110024,0.0
1327AN7110041,0.0
1330PA7110022,0.0
1330PA7111102,0.0
1330PA7111302,0.0
1330PA7113602,0.0
1330PA7118902,0.0
1340IMK010002,6.4
1340IMK010003,0.7
1340IMK010004,70.6
1340IMK010005,48.9
1340IMK010006,0.0
1340IMK010007,9.3
1340IMK010008,5.4
1340IMK010009,4.1
1340IMK010010,0.0
1340IMK010011,37.4
1340IMK010012,186.7
1524IM0K10801,0.0
1524IM0K10802,0.0
1524IM0K10803,0.0
1524IM0K10804,0.0
1524IM0K10805,0.0
1524IM0K10806,0.0
1524IM0K10807,0.0
1524IM0K10808,0.0
1524IM0K10809,0.0
1524IM0K10810,0.0
1528IMQ100003,84.3
1528IMQ100209,231.6
1528IMQ100225,138.4
1528IMQ100229,6.6
1528IMQ100730,122.4
1528IMQ101102,150.7
1528IMQ101302,-0.1
1528IMQ103401,113.5
1528IMQ103602,164.6
1528IMQ106215,143.9
1528IMQ106402,264.4
1528IMQ108257,152.5
1528IMQ108902,0.5
1900AN10U0001,175.24
4100IM10C0003,497.67
4100IM10C0010,0.0
4100IM10C0014,0.0
4100IM10C0022,747.332
4100IM10C0026,0.0
4100IM10C0029,0.0
4100IM10C0030,0.0
4100IM10C0033,0.0
4100IM10C0034,0.0
4100IM10C0041,0.0
4100IM10C0073,0.0
4100IM10C0134,749.68
4100IM10C0219,0.0
4100IM10C0425,247.144
4100IM10C0439,0.0
4100IM10C0539,0.0
4100IM10C0712,0.0
4100IM10C0718,1001.274
4100IM10C0728,247.094
4100IM10C0732,0.0
4100IM10C0735,498.338
4100IM10C0740,1002.94
4100IM10C0769,1005.408
4100IM10C0772,0.0
4100IM10C0807,246.31
4100IM10C0811,1258.6
4100IM10C0829,495.422
4100IM10C0831,247.044
4100IM10C0845,0.0
4100IM10C0867,0.0
4100IM10C0875,0.0
4100IM10C0880,252.56
4100IM10C0882,243.83
4100IM10C0888,499.104
4100IM10C0900,249.96
4100IM10C1100,0.0
4100IM10C1102,1252.368
4100IM10C1302,744.382
4100IM10C1777,0.0
4100IM10C1788,0.0
4100IM10C1799,0.0
4100IM10C2302,0.0
4100IM10C2903,251.46
4100IM10C3102,410.4
4100IM10C3202,500.554
4100IM10C3602,0.0
4100IM10C3902,251.144
4100IM10C3910,1009.724
4100IM10C3916,252.01
4100IM10C3917,753.23
4100IM10C4008,0.0
4100IM10C4015,0.0
4100IM10C4204,0.0
4100IM10C4850,751.48
4100IM10C5002,0.0
4100IM10C5029,499.87
4100IM10C5032,502.02
4100IM10C5033,252.71
4100IM10C5102,500.02
4100IM10C5204,493.74
4100IM10C5302,251.31
4100IM10C5502,502.92
4100IM10C6202,0.0
4100IM10C6402,500.07
4100IM10C6702,0.0
4100IM10C6805,0.0
4100IM10C6890,251.244
4100IM10C6902,252.96
4100IM10C7000,0.0
4100IM10C7007,0.0
4100IM10C7402,439.03
4100IM10C7707,0.0
4100IM10C7802,500.104
4100IM10C7902,0.0
4100IM10C8003,0.0
4100IM10C8902,1512.528
4100IM10C9102,0.0
4100IM10C9202,0.0
4100IM10C9300,0.0
4100IM10C9502,0.0
4100IM10C9602,0.0
4100IM10CXXXX,0.0
4106IM10C0002,0.0
4106IM10C0004,239.872
4106IM10C0005,0.0
4106IM10C0007,316.264
4106IM10C0008,0.0
4106IM10C0009,0.0
4106IM10C0010,0.0
4106IM10C0016,318.308
4106IM10C0021,79.778
4106IM10C0022,0.0
4106IM10C0023,0.0
4106IM10C0024,80.528
4106IM10C0025,0.0
4106IM10C0027,0.0
4106IM10C0029,0.0
4106IM10C0030,0.0
4106IM10C0031,0.0
4106IM10C0038,0.0
4106IM10C0040,0.0
4106IM10C0041,0.0
4106IM10C0050,0.0
4106IM10C0053,0.0
4106IM10C0055,0.0
4106IM10C0058,0.0
4106IM10C0062,0.0
4106IM10C0064,0.0
4106IM10C0065,0.0
4106IM10C0070,0.0
4106IM10C0075,0.0
4106IM10C0076,0.0
4106IM10C0077,79.278
4106IM10C0078,0.0
4106IM10C0079,0.0
4106IM10C0080,0.0
4106IM10C0081,0.0
4106IM10C0082,0.0
4106IM10C0083,0.0
4106IM10C0085,0.0
4106IM10C0086,0.0
4106IM10C0087,0.0
4106IM10C0088,0.0
4106IM10C0090,0.0
4106IM10C0091,0.0
4106IM10C0093,0.0
4106IM10C0096,0.0
4106IM10C0098,0.0
4106IM10C0101,0.0
4106IM10C0103,0.0
4106IM10C0112,0.0
4106IM10C0114,0.0
4106IM10C0118,0.0
4106IM10C0125,0.0
4106IM10C0181,0.0
4106IM10C0182,0.0
4106IM10C0410,0.0
4106IM10CXXXX,0.0
4110IM10C0005,0.0
4110IM10C0712,0.0
4110IM10C0718,0.0
4110IM10C0875,0.0
4110IM10C1302,0.0
4110IM10C2903,0.0
4110IM10C3910,0.0
4110IM10C5204,0.0
4110IM10C7802,0.0
4110IM10C8902,0.0
4111IM10C0012,0.0
4111IM10C0075,0.0
4111IM10C0302,0.0
4111IM10C0502,0.0
4111IM10C0902,0.0
4111IM10C0910,0.0
4119IM10C0472,0.0
4119IM10C0475,0.0
4119IM10C0477,0.0
4119IM10C0478,0.0
4119IM10C0481,0.0
4119IM10C0482,0.0
4119IM10C0487,0.0
4119IM10C0488,0.0
4119IM10C0489,0.0
4120IM10C0003,0.0
4120IM10C0029,0.0
4120IM10C0034,0.0
4120IM10C0038,0.0
4120IM10C0073,0.0
4120IM10C0279,0.0
4120IM10C0425,0.0
4120IM10C0439,0.0
4120IM10C0539,0.0
4120IM10C0701,0.0
4120IM10C0702,0.0
4120IM10C0703,0.0
4120IM10C0707,0.0
4120IM10C0710,0.0
4120IM10C0712,0.0
4120IM10C0715,0.0
4120IM10C0716,0.0
4120IM10C0718,0.0
4120IM10C0721,0.0
4120IM10C0722,0.0
4120IM10C0723,0.0
4120IM10C0724,0.0
4120IM10C0725,0.0
4120IM10C0726,0.0
4120IM10C0727,0.0
4120IM10C0728,0.0
4120IM10C0729,0.0
4120IM10C0730,0.0
4120IM10C0731,0.0
4120IM10C0732,0.0
4120IM10C0733,0.0
4120IM10C0734,0.0
4120IM10C0735,0.0
4120IM10C0740,0.0
4120IM10C0745,0.0
4120IM10C0749,0.0
4120IM10C0757,0.0
4120IM10C0764,0.0
4120IM10C0765,0.0
4120IM10C0769,0.0
4120IM10C0772,0.0
4120IM10C0799,0.0
4120IM10C0807,0.0
4120IM10C0811,0.0
4120IM10C0824,0.0
4120IM10C0829,0.0
4120IM10C0845,0.0
4120IM10C0846,0.0
4120IM10C0849,0.0
4120IM10C0875,0.0
4120IM10C0880,0.0
4120IM10C0882,0.0
4120IM10C0883,0.0
4120IM10C0902,0.0
4120IM10C1100,0.0
4120IM10C1102,0.0
4120IM10C1302,0.0
4120IM10C2302,0.0
4120IM10C2903,0.0
4120IM10C3102,0.0
4120IM10C3202,0.0
4120IM10C3419,0.0
4120IM10C3902,0.0
4120IM10C3910,0.0
4120IM10C3916,0.0
4120IM10C3917,0.0
4120IM10C4015,0.0
4120IM10C4221,0.0
4120IM10C4253,0.0
4120IM10C4502,0.0
4120IM10C4850,0.0
4120IM10C5029,0.0
4120IM10C5032,0.0
4120IM10C5033,0.0
4120IM10C5102,0.0
4120IM10C5113,0.0
4120IM10C5203,0.0
4120IM10C5204,0.0
4120IM10C5302,0.0
4120IM10C5303,0.0
4120IM10C6202,0.0
4120IM10C6502,0.0
4120IM10C6702,0.0
4120IM10C6890,0.0
4120IM10C6902,0.0
4120IM10C7000,0.0
4120IM10C7902,0.0
4120IM10C8003,0.0
4120IM10C8902,0.0
4120IM10CXXXX,0.0
4123IM10C0001,0.0
4123IM10C0002,0.0
4123IM10C0003,0.0
4123IM10C0004,0.0
4123IM10C0005,0.0
4123IM10C0006,0.0
4123IM10C0007,0.0
4123IM10C0008,0.0
4123IM10C0009,0.0
4123IM10C0010,0.0
4123IM10C0011,0.0
4123IM10C0012,0.0
4123IM10C0013,0.0
4123IM10C0014,0.0
4123IM10C0015,0.0
4123IM10C0016,0.0
4123IM10C0017,0.0
4123IM10C0018,0.0
4123IM10C0019,0.0
4123IM10C0020,0.0
4123IM10C0021,0.0
4123IM10C0022,0.0
4123IM10C0023,0.0
4123IM10C0024,0.0
4123IM10C0025,0.0
4123IM10C0026,0.0
4123IM10C0027,0.0
4123IM10C0028,0.0
4123IM10C0029,0.0
4123IM10C0030,0.0
4123IM10C0031,0.0
4123IM10C0032,0.0
4123IM10C0033,0.0
4123IM10C0034,0.0
4123IM10C0036,0.0
4123IM10C0037,0.0
4123IM10C0041,0.0
4123IM10C0134,0.0
4123IM10C0425,0.0
4123IM10C0718,0.0
4123IM10C0735,0.0
4123IM10C0740,0.0
4123IM10C0769,0.0
4123IM10C0772,0.0
4123IM10C0801,0.0
4123IM10C0807,0.0
4123IM10C0811,0.0
4123IM10C0829,0.0
4123IM10C0831,0.0
4123IM10C0882,0.0
4123IM10C0888,0.0
4123IM10C1102,0.0
4123IM10C1302,0.0
4123IM10C1777,0.0
4123IM10C1788,0.0
4123IM10C1799,0.0
4123IM10C2903,0.0
4123IM10C3202,0.0
4123IM10C3602,110.0
4123IM10C3902,0.0
4123IM10C3916,0.0
4123IM10C4850,0.0
4123IM10C5032,0.0
4123IM10C5204,0.0
4123IM10C5502,0.0
4123IM10C6702,0.0
4123IM10C6890,0.0
4123IM10C6902,0.0
4123IM10C7007,0.0
4123IM10C7402,0.0
4123IM10C7802,0.0
4123IM10C8003,0.0
4123IM10C8902,0.0
4123IM10C9202,0.0
4123IM10C9302,0.0
4123IM10CXXXX,0.0
4125IM10C0022,0.0
4125IM10C0033,0.0
4125IM10C0718,0.0
4125IM10C0735,0.0
4125IM10C0769,0.0
4125IM10C0811,0.0
4125IM10C0882,0.0
4125IM10C1102,0.0
4125IM10C1302,0.0
4125IM10C2903,0.0
4125IM10C3602,0.0
4125IM10C3916,0.0
4125IM10C4850,0.0
4125IM10C5001,0.0
4125IM10C5003,0.0
4125IM10C5005,0.0
4125IM10C5006,0.0
4125IM10C5032,0.0
4125IM10C5302,0.0
4125IM10C5303,0.0
4125IM10C6890,0.0
4125IM10C7007,0.0
4125IM10C8003,0.0
4125IM10C8902,0.0
4125IM10C9102,0.0
4125IM10C9202,0.0
4125IM10C9502,0.0
4125IM10C9602,0.0
4125IM10CXXXX,0.0
4127IM10C2920,0.0
4127IM10C4882,0.0
4127IM10C5011,0.0
4127IM10C5317,0.0
4127IM10C7410,0.0
4127IM10C8911,0.0
4127IM10C8991,0.0
4127IM10CXXXX,0.0
4129IMB3C0001,0.0
4129IMB3C0002,0.0
4129IMB3C0003,0.0
4129IMB3C0004,0.0
4129IMB3C0005,0.0
4129IMB3C0006,0.0
4129IMB3C0007,0.0
4129IMB3C0008,0.0
4129IMB3C0009,0.0
4129IMB3C0010,0.0
4129IMB3C0011,0.0
4129IMB3C0012,0.0
4129IMB3C0013,0.0
4129IMB3C0014,0.0
4129IMB3C0015,0.0
4129IMB3C0016,0.0
4129IMB3C0017,0.0
4129IMB3C0018,0.0
4129IMB3C0019,0.0
4129IMB3C0022,0.0
4129IMB3C0769,137.4
4129IMB3C0772,135.9
4129IMB3C0831,0.0
4129IMB3C0888,0.0
4129IMB3C2903,0.0
4129IMB3C3602,0.0
4129IMB3C3916,0.0
4129IMB3C4850,0.0
4129IMB3C6890,0.0
4129IMB3C7007,0.0
4129IMB3C8003,0.0
4129IMB3C8902,0.0
4129IMB3CXXXX,0.0
4131IM10C0073,0.0
4131IM10C0439,0.0
4131IM10C0811,0.0
4131IM10C0821,0.0
4131IM10C0829,0.0
4131IM10C0830,0.0
4131IM10C0846,0.0
4131IM10C0882,0.0
4131IM10C0883,0.0
4131IM10C1100,0.0
4131IM10C1102,0.0
4131IM10C1302,0.0
4131IM10C2302,0.0
4131IM10C3916,0.0
4131IM10C3917,0.0
4131IM10C4850,0.0
4131IM10C6890,0.0
4131IM10C8902,0.0
4131IM10CXXXX,0.0
4132IM10C0004,0.0
4132IM10C0007,0.0
4132IM10C0010,0.0
4132IM10C0021,0.0
4132IM10C0024,0.0
4132IM10C0038,0.0
4132IM10C0058,0.0
4132IM10C0062,0.0
4132IM10CXXXX,0.0
4134IMB3C0014,0.0
4134IMB3C0016,0.0
4134IMB3C0024,0.0
4134IMB3C0300,0.0
4134IMB3C0301,0.0
4134IMB3C0302,0.0
4134IMB3C0303,0.0
4134IMB3C0304,0.0
4134IMB3C0314,0.0
4135IM10C0022,0.0
4135IM10C0041,0.0
4135IM10C0301,0.0
4135IM10C0302,0.0
4135IM10C0303,0.0
4135IM10C0304,0.0
4135IM10C0305,0.0
4135IM10C0306,0.0
4135IM10C0307,0.0
4135IM10C0308,0.0
4135IM10C0718,0.0
4135IM10C0735,0.0
4135IM10C0769,0.0
4135IM10C0772,0.0
4135IM10C0811,0.0
4135IM10C0829,0.0
4135IM10C0831,0.0
4135IM10C0875,0.0
4135IM10C0882,0.0
4135IM10C0888,0.0
4135IM10C0900,0.0
4135IM10C1102,0.0
4135IM10C1302,0.0
4135IM10C2903,0.0
4135IM10C3602,0.0
4135IM10C3902,0.0
4135IM10C3910,0.0
4135IM10C3916,0.0
4135IM10C3917,0.0
4135IM10C4850,0.0
4135IM10C5502,0.0
4135IM10C6702,0.0
4135IM10C6890,0.0
4135IM10C6902,0.0
4135IM10C7007,0.0
4135IM10C7802,0.0
4135IM10C8902,0.0
4136IM10C0004,0.0
4136IM10C0010,0.0
4136IM10C0015,0.0
4136IM10C0016,0.0
4136IM10C0017,0.0
4136IM10C0019,0.0
4136IM10C0024,0.0
4136IM10C0028,0.0
4136IM10C0041,0.0
4136IM10C0049,0.0
4136IM10C0064,0.0
4136IM10C0065,0.0
4136IM10C0082,0.0
4136IM10C0085,0.0
4136IM10C0099,0.0
4136IM10C0100,0.0
4136IM10C0103,0.0
4136IM10C0114,0.0
4136IM10C0115,0.0
4136IM10C0116,0.0
4136IM10C0118,0.0
4136IM10C0124,0.0
4136IM10C0125,0.0
4136IM10CXXXX,0.0
4138IMT0C0073,0.0
4138IMT0C0769,0.0
4138IMT0C0772,0.0
4138IMT0C0829,0.0
4138IMT0C0875,0.0
4138IMT0C0880,0.0
4138IMT0C0883,0.0
4138IMT0C1100,0.0
4138IMT0C1102,0.0
4138IMT0C1302,0.0
4138IMT0C2903,0.0
4138IMT0C3602,0.0
4138IMT0C4850,0.0
4138IMT0C5502,0.0
4138IMT0C6702,0.0
4138IMT0C6890,0.0
4138IMT0C6902,0.0
4138IMT0C7707,0.0
4138IMT0C8003,0.0
4138IMT0C8902,0.0
4139IM10C0718,0.0
4139IM10C0728,0.0
4139IM10C0735,0.0
4139IM10C0740,0.0
4139IM10C0769,0.0
4139IM10C0772,0.0
4139IM10C0807,0.0
4139IM10C0811,0.0
4139IM10C0829,0.0
4139IM10C0875,0.0
4139IM10C0880,0.0
4139IM10C0888,0.0
4139IM10C1102,0.0
4139IM10C1302,0.0
4139IM10C2903,0.0
4139IM10C3202,0.0
4139IM10C3602,0.0
4139IM10C4850,0.0
4139IM10C5502,0.0
4139IM10C6702,0.0
4139IM10C6890,0.0
4139IM10C8003,0.0
4139IM10C8902,0.0
4140IM10C0001,240.298
4140IM10C0003,502.104
4140IM10C0004,0.0
4140IM10C0005,249.01
4140IM10C0007,0.0
4140IM10C0008,0.0
4140IM10C0009,0.0
4140IM10C0011,0.0
4140IM10C0026,499.888
4140IM10C0034,502.82
4140IM10C0073,503.488
4140IM10C0439,252.46
4140IM10C0730,499.404
4140IM10C0731,0.0
4140IM10C0732,249.96
4140IM10C0734,248.41
4140IM10C0824,0.0
4140IM10C0829,245.978
4140IM10C0892,0.0
4140IM10C1102,1231.292
4140IM10C1302,245.528
4140IM10C3102,0.0
4140IM10C3202,0.0
4140IM10C3303,0.0
4140IM10C3952,501.92
4140IM10C5102,0.0
4140IM10C5202,0.0
4140IM10C5204,0.0
4140IM10C6502,0.0
4140IM10C6902,0.0
4140IM10C8902,503.422
4140IM10CXXXX,0.0
4142IM10C0004,0.0
4142IM10C0005,0.0
4142IM10C0009,0.0
4142IM10C0020,0.0
4142IM10C0022,0.0
4142IM10C0036,0.0
4142IM10C0043,0.0
4142IM10C0049,0.0
4142IM10C0051,0.0
4142IM10C0053,0.0
4142IM10C0054,0.0
4142IM10C0055,0.0
4142IM10C0056,0.0
4142IM10C0057,0.0
4142IM10C0058,0.0
4142IM10C0059,0.0
4142IM10C0060,0.0
4142IM10C0061,0.0
4142IM10C0062,0.0
4142IM10C0063,0.0
4142IM10C0064,0.0
4142IM10C0067,0.0
4142IM10C0068,0.0
4142IM10C0085,0.0
4142IM10C0093,0.0
4142IM10C0096,0.0
4142IM10C0110,0.0
4142IM10C9122,0.0
4142IM10C9215,0.0
4142IM10C9512,0.0
4142IM10C9519,0.0
4142IM10C9605,0.0
4142IM10C9645,0.0
4142IM10C9768,0.0
4142IM10CXXXX,0.0
4144IM73C0001,0.0
4144IM73C0003,0.0
4144IM73C0005,0.0
4144IM73C0026,0.0
4144IM73C0034,0.0
4144IM73C0073,0.0
4144IM73C0727,0.0
4144IM73C0730,0.0
4144IM73C0731,0.0
4144IM73C0734,0.0
4144IM73C1102,0.0
4144IM73C3952,0.0
4144IM73C8003,0.0
4144IM73C8902,0.0
4144IM73CXXXX,0.0
4146IM10C0001,0.0
4146IM10C0003,0.0
4146IM10C0004,0.0
4146IM10C0005,0.0
4146IM10C0007,0.0
4146IM10C0008,0.0
4146IM10C0009,0.0
4146IM10C0026,0.0
4146IM10C0034,0.0
4146IM10C0073,0.0
4146IM10C0225,0.0
4146IM10C0439,0.0
4146IM10C0730,0.0
4146IM10C0731,0.0
4146IM10C0734,0.0
4146IM10C0807,0.0
4146IM10C0824,0.0
4146IM10C0829,0.0
4146IM10C0875,0.0
4146IM10C1102,0.0
4146IM10C1302,0.0
4146IM10C2102,0.0
4146IM10C2302,0.0
4146IM10C2922,0.0
4146IM10C3102,0.0
4146IM10C3105,0.0
4146IM10C3202,0.0
4146IM10C3303,0.0
4146IM10C3952,0.0
4146IM10C5102,0.0
4146IM10C5502,0.0
4146IM10C6002,0.0
4146IM10C6102,0.0
4146IM10C6202,0.0
4146IM10C6502,0.0
4146IM10C6702,0.0
4146IM10C6902,0.0
4146IM10C7102,0.0
4146IM10C8003,0.0
4146IM10C8202,0.0
4146IM10C8205,0.0
4146IM10C8902,0.0
4146IM10CXXXX,0.0
4147IM10C0004,0.0
4147IM10C0007,0.0
4147IM10C0009,0.0
4147IM10C0020,0.0
4147IM10C0021,0.0
4147IM10C0022,0.0
4147IM10C0023,0.0
4147IM10C0024,0.0
4147IM10C0026,0.0
4147IM10C0028,0.0
4147IM10C0031,0.0
4147IM10C0032,0.0
4147IM10C0038,0.0
4147IM10C0056,0.0
4147IM10C0060,0.0
4147IM10C0064,0.0
4147IM10C0085,0.0
4147IM10C0110,0.0
4147IM10C0201,0.0
4147IM10C0205,0.0
4147IM10C0210,0.0
4147IM10C0216,0.0
4147IM10C0225,0.0
4147IM10C0228,0.0
4147IM10C0229,0.0
4147IM10C0231,0.0
4147IM10C0285,0.0
4147IM10CXXXX,0.0
4148IM10C0003,0.0
4148IM10C0014,0.0
4148IM10C0024,0.0
4148IM10C0026,0.0
4148IM10C0034,0.0
4148IM10C0039,0.0
4148IM10C0041,0.0
4148IM10C0050,0.0
4148IM10C0081,0.0
4148IM10C0229,0.0
4148IM10C0439,0.0
4148IM10C0730,0.0
4148IM10C0734,0.0
4148IM10C0812,0.0
4148IM10C0831,0.0
4148IM10C0875,0.0
4148IM10C0888,0.0
4148IM10C1102,0.0
4148IM10C1302,0.0
4148IM10C3401,0.0
4148IM10C3602,0.0
4148IM10C3902,0.0
4148IM10C4204,0.0
4148IM10C6402,0.0
4148IM10C8902,0.0
4150IMT010033,202.29999999999995
4150IMT010041,810.0
4150IMT010425,605.4
4150IMT010712,404.29999999999995
4150IMT010718,397.90000000000003
4150IMT010735,976.0
4150IMT010740,611.8
4150IMT010769,609.8
4150IMT010772,492.9
4150IMT010807,96.9
4150IMT010811,1020.3
4150IMT010829,402.2
4150IMT010875,398.9
4150IMT010883,0.0
4150IMT011102,434.4
4150IMT011302,283.8
4150IMT012302,0.0
4150IMT012903,818.0
4150IMT013002,0.0
4150IMT013202,592.8
4150IMT013602,1220.5
4150IMT013902,0.0
4150IMT013916,410.8
4150IMT014015,0.0
4150IMT014850,401.3
4150IMT015032,812.5
4150IMT016702,1219.4
4150IMT016902,0.0
4150IMT017007,0.0
4150IMT017902,0.0
4150IMT018003,826.5
4150IMT018902,815.2
4200IM10C0001,0.0
4200IM10C0002,0.0
4200IM10C0003,0.0
4200IM10C0005,0.0
4200IM10C0007,0.0
4200IM10C0009,0.0
4200IM10C0010,0.0
4200IM10C0011,0.0
4200IM10C0012,0.0
4200IM10C0014,0.0
4200IM10C0015,0.0
4200IM10C0016,0.0
4200IM10C0026,0.0
4200IM10C0073,0.0
4200IM10C0712,0.0
4200IM10C0718,0.0
4200IM10C0829,0.0
4200IM10C0875,0.0
4200IM10C0882,0.0
4200IM10C1302,0.0
4200IM10C2903,0.0
4200IM10C3602,0.0
4200IM10C3916,0.0
4200IM10C3917,0.0
4200IM10C4850,0.0
4200IM10C5204,0.0
4200IM10C6902,0.0
4200IM10C7007,0.0
4200IM10C7402,0.0
4200IM10C8902,0.0
4200IM10CXXXX,0.0
4201IM22C0001,0.0
4201IM22C0002,0.0
4201IM22C0003,0.0
4201IM22C0004,0.0
4201IM22C0005,0.0
4201IM22C0006,0.0
4201IM22C0007,0.0
4201IM22C0008,0.0
4201IM22C0009,0.0
4201IM22C0010,0.0
4201IM22C0011,0.0
4201IM22CXXXX,0.0
4202IM20C0001,0.0
4202IM20C0002,0.0
4202IM20C0003,0.0
4202IM20C0004,0.0
4202IM20C0005,0.0
4202IM20C0006,0.0
4202IM20C0007,0.0
4202IM20C0008,0.0
4202IM20C0009,0.0
4202IM20C0010,0.0
4202IM20CXXXX,0.0
4203IM42C0005,0.0
4203IM42C0009,0.0
4203IM42C0036,0.0
4203IM42C0718,0.0
4203IM42C0769,0.0
4203IM42C0829,0.0
4203IM42C0875,0.0
4203IM42C0882,0.0
4203IM42C1302,0.0
4203IM42C2903,0.0
4203IM42C3602,0.0
4203IM42C3902,0.0
4203IM42C3916,0.0
4203IM42C3917,0.0
4203IM42C6890,0.0
4203IM42C7402,0.0
4203IM42C8003,0.0
4203IM42C8902,0.0
4203IM42C9202,0.0
4203IM42CXXXX,0.0
4204IM10C0004,0.0
4204IM10C0005,0.0
4204IM10C0006,0.0
4204IM10C0007,0.0
4204IM10C0008,0.0
4204IM10C0009,0.0
4204IM10C0016,0.0
4204IM10C0020,0.0
4204IM10C0021,0.0
4204IM10C0024,0.0
4204IM10C0028,0.0
4204IM10C0029,0.0
4204IM10C0032,0.0
4204IM10C0034,0.0
4204IM10C0040,0.0
4204IM10C0042,0.0
4204IM10C0043,0.0
4204IM10C0044,0.0
4204IM10C0048,0.0
4204IM10CXXXX,0.0
4206IM10C0004,0.0
4206IM10C0065,0.0
4206IM10C0098,0.0
4206IM10C0106,0.0
4206IM10C0129,0.0
4206IM10C0141,0.0
4206IM10C0183,0.0
4206IM10C0974,0.0
4206IM10C9501,0.0
4206IM10C9592,0.0
4206IM10C9671,0.0
4206IM10C9836,0.0
4206IM10CXXXX,0.0
4207IMA3C0006,0.0
4207IMA3C0007,0.0
4207IMA3C0008,0.0
4207IMA3C0009,0.0
4207IMA3C0016,0.0
4207IMA3C0020,0.0
4207IMA3C0021,0.0
4207IMA3C0024,0.0
4207IMA3C0028,0.0
4207IMA3C0032,0.0
4207IMA3C0034,0.0
4207IMA3C0042,0.0
4207IMA3C0043,0.0
4207IMA3C0044,0.0
4207IMA3C0048,0.0
4207IMA3C0526,0.0
4207IMA3C0578,0.0
4207IMA3C0672,0.0
4207IMA3CXXXX,0.0
4207IML3C0029,0.0
4207IML3C0875,0.0
4207IML3C0888,0.0
4207IML3C1302,0.0
4207IML3C3902,0.0
4207IML3C3910,0.0
4207IML3C3916,0.0
4207IML3C5204,0.0
4207IML3C7007,0.0
4207IML3C8902,0.0
4208IM10C0004,0.0
4208IM10C0005,0.0
4208IM10C0006,0.0
4208IM10C0007,0.0
4208IM10C0008,0.0
4208IM10C0009,0.0
4208IM10C0016,0.0
4208IM10C0020,0.0
4208IM10C0021,0.0
4208IM10C0024,0.0
4208IM10C0026,0.0
4208IM10C0028,0.0
4208IM10C0029,0.0
4208IM10C0032,0.0
4208IM10C0034,0.0
4208IM10C0042,0.0
4208IM10C0043,0.0
4208IM10C0044,0.0
4208IM10C0048,0.0
4208IM10C0400,0.0
4208IM10C0526,0.0
4208IM10C0578,0.0
4208IM10C0672,0.0
4208IM10CXXXX,0.0
4209IM32C0003,0.0
4209IM32C0007,0.0
4209IM32C0010,0.0
4209IM32C0012,0.0
4209IM32C0013,0.0
4209IM32C0014,0.0
4209IM32C0015,0.0
4209IM32C0073,0.0
4209IM32C0888,0.0
4209IM32C3902,0.0
4209IM32C4850,0.0
4209IM32C8003,0.0
4209IM32C9202,0.0
4209IM32C9302,0.0
4209IM32C9602,0.0
4209IM32CXXXX,0.0
4220IM22C1239,0.0
4220IM22C1290,0.0
4220IM22C9239,0.0
4220IM22C9290,0.0
4220IM22C9415,0.0
4220IM22C9489,0.0
4220IM22C9669,0.0
4220IM22C9806,0.0
4220IM22C9843,0.0
4220IM22C9868,0.0
4221IM10C0700,0.0
4221IM10C0701,0.0
4221IM10C0702,0.0
4221IM10C0703,0.0
4221IM10C0704,0.0
4221IM10C0705,0.0
4221IM10C0706,0.0
4221IM10C0707,0.0
4221IM10C0708,0.0
4221IM10C0709,0.0
4221IM10C0710,0.0
4221IM10C0711,0.0
4300IMV0C0003,0.0
4300IMV0C0022,0.0
4300IMV0C0026,237.7
4300IMV0C0028,0.0
4300IMV0C0029,0.0
4300IMV0C0030,0.0
4300IMV0C0033,0.0
4300IMV0C0035,0.0
4300IMV0C0055,204.0
4300IMV0C0081,0.0
4300IMV0C0134,0.0
4300IMV0C0205,0.0
4300IMV0C0209,0.0
4300IMV0C0216,0.0
4300IMV0C0223,239.8
4300IMV0C0225,238.0
4300IMV0C0229,239.2
4300IMV0C0231,0.0
4300IMV0C0234,0.0
4300IMV0C0259,0.0
4300IMV0C0279,401.7
4300IMV0C0281,0.0
4300IMV0C0288,0.0
4300IMV0C0289,234.65
4300IMV0C0425,554.9
4300IMV0C0439,0.0
4300IMV0C0712,0.0
4300IMV0C0730,0.0
4300IMV0C0731,0.0
4300IMV0C0734,0.0
4300IMV0C1033,0.0
4300IMV0C1102,1261.0
4300IMV0C1281,0.0
4300IMV0C1302,477.4
4300IMV0C1777,0.0
4300IMV0C1788,0.0
4300IMV0C1799,0.0
4300IMV0C2502,235.7
4300IMV0C2903,0.0
4300IMV0C3308,0.0
4300IMV0C3401,0.0
4300IMV0C3602,258.3
4300IMV0C4015,0.0
4300IMV0C4204,0.0
4300IMV0C4850,275.9
4300IMV0C5032,0.0
4300IMV0C5102,0.0
4300IMV0C6202,0.0
4300IMV0C6210,236.8
4300IMV0C6211,117.0
4300IMV0C6212,238.9
4300IMV0C6213,118.9
4300IMV0C6214,0.0
4300IMV0C6215,244.7
4300IMV0C6402,199.9
4300IMV0C6702,0.0
4300IMV0C6890,715.6
4300IMV0C7402,0.0
4300IMV0C7802,237.4
4300IMV0C8102,119.1
4300IMV0C8252,0.0
4300IMV0C8254,0.0
4300IMV0C8257,0.0
4300IMV0C8259,242.7
4300IMV0C8262,0.0
4300IMV0C8902,724.2
4300IMV0CXXXX,0.0
4305IMV0C0001,0.0
4305IMV0C0002,0.0
4305IMV0C0003,0.0
4305IMV0C0004,0.0
4305IMV0C0005,0.0
4305IMV0C0006,0.0
4305IMV0C0007,0.0
4305IMV0C0008,0.0
4305IMV0C0009,0.0
4305IMV0C0010,0.0
4305IMV0C0011,0.0
4305IMV0C0016,0.0
4305IMV0C0021,0.0
4305IMV0C0024,0.0
4305IMV0C0025,0.0
4305IMV0C0026,0.0
4305IMV0C0030,0.0
4305IMV0C0034,0.0
4305IMV0C0041,0.0
4305IMV0C0050,0.0
4305IMV0C0051,0.0
4305IMV0C0062,0.0
4305IMV0C0064,0.0
4305IMV0C0065,0.0
4305IMV0C0090,0.0
4305IMV0C0098,0.0
4305IMV0C0101,0.0
4305IMV0C0102,0.0
4305IMV0C0103,0.0
4305IMV0C0105,0.0
4305IMV0C0106,0.0
4305IMV0C0107,0.0
4305IMV0C0108,0.0
4305IMV0C0109,0.0
4305IMV0C0110,0.0
4305IMV0C0111,0.0
4305IMV0C0112,0.0
4305IMV0C0113,0.0
4305IMV0C0120,0.0
4305IMV0C0121,0.0
4305IMV0C0122,0.0
4305IMV0C0123,0.0
4305IMV0C0124,0.0
4305IMV0C0125,0.0
4305IMV0C0126,0.0
4305IMV0C0127,0.0
4305IMV0C0128,0.0
4305IMV0C0129,0.0
4305IMV0C0130,0.0
4305IMV0C0131,0.0
4305IMV0CXXXX,0.0
4308IMV0C0003,192.9
4308IMV0C0022,0.0
4308IMV0C0026,0.0
4308IMV0C0028,0.0
4308IMV0C0029,250.3
4308IMV0C0030,0.0
4308IMV0C0033,0.0
4308IMV0C0035,0.0
4308IMV0C0055,0.0
4308IMV0C0081,247.6
4308IMV0C0134,0.0
4308IMV0C0205,203.7
4308IMV0C0209,0.0
4308IMV0C0216,0.0
4308IMV0C0223,230.6
4308IMV0C0225,0.0
4308IMV0C0229,0.0
4308IMV0C0231,0.0
4308IMV0C0234,0.0
4308IMV0C0259,0.0
4308IMV0C0279,0.0
4308IMV0C0281,0.0
4308IMV0C0288,0.0
4308IMV0C0289,0.0
4308IMV0C0425,127.8
4308IMV0C0439,249.0
4308IMV0C0712,205.7
4308IMV0C0730,0.0
4308IMV0C0731,206.2
4308IMV0C0734,0.0
4308IMV0C1102,0.0
4308IMV0C1302,0.0
4308IMV0C1777,0.0
4308IMV0C1788,0.0
4308IMV0C1799,0.0
4308IMV0C2502,0.0
4308IMV0C2903,0.0
4308IMV0C3308,0.0
4308IMV0C3401,0.0
4308IMV0C3602,207.1
4308IMV0C4015,0.0
4308IMV0C4204,0.0
4308IMV0C4850,0.0
4308IMV0C5032,0.0
4308IMV0C5102,0.0
4308IMV0C6202,0.0
4308IMV0C6210,197.1
4308IMV0C6211,0.0
4308IMV0C6212,248.3
4308IMV0C6213,0.0
4308IMV0C6214,0.0
4308IMV0C6215,0.0
4308IMV0C6402,192.1
4308IMV0C6702,0.0
4308IMV0C6890,0.0
4308IMV0C7402,0.0
4308IMV0C7802,0.0
4308IMV0C8102,455.1
4308IMV0C8252,0.0
4308IMV0C8254,0.0
4308IMV0C8257,248.8
4308IMV0C8259,0.0
4308IMV0C8262,0.0
4308IMV0C8902,200.2
4308IMV0CXXXX,0.0
4310IMV0C0022,0.0
4310IMV0C0029,0.0
4310IMV0C0032,0.0
4310IMV0C0033,241.0
4310IMV0C0034,0.0
4310IMV0C0081,115.6
4310IMV0C0181,0.0
4310IMV0C0201,0.0
4310IMV0C0205,238.5
4310IMV0C0209,482.6
4310IMV0C0210,118.4
4310IMV0C0216,0.0
4310IMV0C0220,0.0
4310IMV0C0225,389.9
4310IMV0C0229,699.8
4310IMV0C0230,0.0
4310IMV0C0231,0.0
4310IMV0C0234,0.0
4310IMV0C0256,0.0
4310IMV0C0279,0.0
4310IMV0C0288,222.5
4310IMV0C0289,480.7
4310IMV0C0425,119.2
4310IMV0C0439,236.6
4310IMV0C0712,0.0
4310IMV0C0730,0.0
4310IMV0C0731,0.0
4310IMV0C0810,0.0
4310IMV0C0824,0.0
4310IMV0C0903,0.0
4310IMV0C1033,241.4
4310IMV0C1102,2405.0
4310IMV0C1302,611.5999999999999
4310IMV0C3308,0.0
4310IMV0C3401,228.8
4310IMV0C3602,1326.5
4310IMV0C4204,240.0
4310IMV0C4850,243.1
4310IMV0C6202,0.0
4310IMV0C6210,339.3
4310IMV0C6213,241.4
4310IMV0C6214,0.0
4310IMV0C6215,359.3
4310IMV0C6402,239.3
4310IMV0C6890,0.0
4310IMV0C7006,0.0
4310IMV0C7802,117.3
4310IMV0C8001,0.0
4310IMV0C8102,364.0
4310IMV0C8252,240.5
4310IMV0C8254,120.5
4310IMV0C8257,241.2
4310IMV0C8259,239.4
4310IMV0C8262,0.0
4310IMV0C8902,1665.6
4310IMV0CXXXX,0.0
4313IMV0C0004,0.0
4313IMV0C0006,0.0
4313IMV0C0007,0.0
4313IMV0C0008,0.0
4313IMV0C0009,0.0
4313IMV0C0016,0.0
4313IMV0C0021,0.0
4313IMV0C0024,0.0
4313IMV0C0025,0.0
4313IMV0C0026,0.0
4313IMV0C0027,0.0
4313IMV0C0028,121.0
4313IMV0C0030,0.0
4313IMV0C0031,0.0
4313IMV0C0032,0.0
4313IMV0C0033,0.0
4313IMV0C0034,0.0
4313IMV0C0035,0.0
4313IMV0C0036,0.0
4313IMV0C0037,0.0
4313IMV0C0038,0.0
4313IMV0C0041,0.0
4313IMV0C0064,0.0
4313IMV0C0065,0.0
4313IMV0C0081,0.0
4313IMV0C0082,0.0
4313IMV0C0083,0.0
4313IMV0C0084,0.0
4313IMV0C0098,0.0
4313IMV0C0101,0.0
4313IMV0C0105,0.0
4313IMV0CXXXX,0.0
4320IMV0C0022,196.3
4320IMV0C0026,0.0
4320IMV0C0029,0.0
4320IMV0C0030,0.0
4320IMV0C0033,0.0
4320IMV0C0035,0.0
4320IMV0C0055,0.0
4320IMV0C0081,0.0
4320IMV0C0134,0.0
4320IMV0C0205,0.0
4320IMV0C0225,0.0
4320IMV0C0229,0.0
4320IMV0C0279,0.0
4320IMV0C0289,97.1
4320IMV0C0425,0.0
4320IMV0C0439,0.0
4320IMV0C0712,0.0
4320IMV0C0731,0.0
4320IMV0C1102,317.4
4320IMV0C1302,0.0
4320IMV0C3602,111.3
4320IMV0C6210,328.4
4320IMV0C6211,0.0
4320IMV0C6212,0.0
4320IMV0C6213,0.0
4320IMV0C6215,0.0
4320IMV0C6402,95.4
4320IMV0C8102,0.0
4320IMV0C8902,181.9
4320IMV0CXXXX,0.0
4323IM60C0001,0.0
4323IM60C0002,0.0
4323IM60C0003,0.0
4323IM60C0004,0.0
4323IM60C0005,0.0
4323IM60C0006,0.0
4323IM60C0007,0.0
4323IM60C0008,0.0
4323IM60C0009,0.0
4323IM60C0010,0.0
4323IM60C0011,0.0
4323IM60C0012,0.0
4323IM60C0013,0.0
4323IM60C0014,0.0
4323IM60C0015,0.0
4323IM60C0016,0.0
4323IM60C0017,0.0
4323IM60CXXXX,0.0
4324NC60C0001,0.0
4324NC60C0002,0.0
4324NC60C0003,0.0
4324NC60C0004,0.0
4324NC60C0005,0.0
4324NC60C0006,0.0
4324NC60C0007,0.0
4324NC60C0008,0.0
4324NC60C0009,0.0
4324NC60C0010,0.0
4324NC60C0011,0.0
4324NC60C0012,0.0
4324NC60C0013,0.0
4324NC60C0014,0.0
4324NC60C0015,0.0
4324NC60C0016,0.0
4324NC60C0017,0.0
4324NC60C0018,0.0
4324NC60C0019,0.0
4324NC60C0020,0.0
4324NC60C0021,0.0
4324NC60C0022,0.0
4324NC60C0023,0.0
4324NC60C0024,0.0
4324NC60C0025,0.0
4324NC60CXXXX,0.0
4325IMV0C0011,0.0
4325IMV0C0012,0.0
4325IMV0C0014,0.0
4325IMV0C0022,0.0
4325IMV0C0024,0.0
4325IMV0C0026,0.0
4325IMV0C0031,0.0
4325IMV0CXXXX,0.0
4326IM71C0022,0.0
4326IM71C0033,0.0
4326IM71C0205,0.0
4326IM71C1102,0.0
4326IM71C1302,0.0
4326IM71C3602,0.0
4326IM71C8902,0.0
4326IM71CXXXX,0.0
4327IM71C0004,0.0
4327IM71C0016,0.0
4327IM71C0021,0.0
4327IM71C0024,0.0
4327IM71C0041,0.0
4327IM71CXXXX,0.0
4340IMK0C0002,0.0
4340IMK0C0003,0.0
4340IMK0C0004,0.0
4340IMK0C0005,0.0
4340IMK0C0006,0.0
4340IMK0C0007,0.0
4340IMK0C0008,0.0
4340IMK0C0009,0.0
4340IMK0C0010,0.0
4340IMK0C0011,0.0
4340IMK0C0012,0.0
4524IM10C0801,0.0
4524IM10C0802,0.0
4524IM10C0803,0.0
4524IM10C0804,0.0
4524IM10C0805,0.0
4524IM10C0806,0.0
4524IM10C0807,0.0
4524IM10C0808,0.0
4524IM10C0809,0.0
4524IM10C0810,0.0
4528IMQC00003,182.8
4528IMQC00209,0.0
4528IMQC00225,209.0
4528IMQC00229,0.0
4528IMQC00730,206.8
4528IMQC01102,355.3
4528IMQC01302,0.0
4528IMQC03401,223.0
4528IMQC03602,0.0
4528IMQC06215,0.0
4528IMQC06402,232.2
4528IMQC08257,251.4
4528IMQC08902,0.0
5240IM0D17888,0.0
5240IM0D17889,0.0
5240IM0D17890,0.0
5240IM0D17892,0.0
5240IM0D17893,0.0
5240IM0D17895,0.0
5240IM0D17896,0.0
5241IM0J10001,0.0
5241IM0J10018,0.0
5241IM0J10081,0.0
5241IM0J10082,0.0
5241IM0J10083,0.0
5241IM0J10084,0.0
5241IM0J10087,0.0
5241IM0J10095,0.0
5242IM9H10002,0.0
5242IM9H10003,0.0
5242IM9H10005,0.0
5242IM9H10009,0.0
5242IM9H10010,0.0
5242IM9H10011,0.0
5242IM9H10012,0.0
5242IM9H10015,0.0
5242IM9H10017,0.0
5243IM9H10001,0.0
5243IM9H10002,0.0
5243IM9H10003,0.0
5243IM9H10004,0.0
5243IM9H10006,0.0
5243IM9H10007,0.0
5243IM9H10008,0.0
5243IM9H10009,0.0
5243IM9H10010,0.0
5244IM9H10001,0.0
5244IM9H10003,0.0
5244IM9H10004,0.0
5244IM9H10005,0.0
5244IM9H10008,0.0
5244IM9H10013,0.0
5244IM9H10014,0.0
5244IM9H10015,0.0
5244IM9H10016,0.0
5244IM9H12262,0.0
5245IMHI10001,0.0
5245IMHI10002,0.0
5245IMHI10003,6.2
5245IMHI10004,0.0
5245IMHI10005,0.0
5245IMHI10006,0.0
5245IMHI10007,0.0
5245IMHI10008,0.0
5245IMHI10009,0.0
5245IMHI12260,0.0
5247IM0100184,0.0
5247IM0101501,0.0
5247IM0108200,0.0
5247IM0108204,0.0
5247IM0108205,0.0
5247IM0108206,0.0
5247IM0108207,0.0
5247IM0108209,0.0
5247IM0108210,0.0
5247IM0108211,0.0
5247IM0108212,0.0
5247IM0108215,0.0
5247IM0108217,0.0
5247IM0108219,0.0
5247IM0108220,0.0
5247IM0108223,0.0
5247IM0108224,0.0
5247IM0108226,0.0
5247IM0108229,0.0
5247IM0108232,0.0
5247IM0108233,0.0
5247IM0108235,0.0
5247IM0108237,0.0
5247IM0108238,0.0
5247IM0108239,0.0
5247IM0108240,0.0
5247IM0108241,0.0
5247IM0108242,0.0
5247IM0108319,0.0
5247IM0108321,0.0
5247IM0108322,0.0
5247IM0108323,0.0
5247IM0108324,0.0
5247IM0108325,0.0
5247IM0108327,0.0
5247IM0108329,0.0
5247IM0108335,0.0
5247IM0108396,0.0
5247IM0108399,0.0
5247IM0108400,0.0
5247IM0108401,0.0
5247IM0108402,0.0
5247IM0108404,0.0
5247IM0108488,0.0
5247IM0108577,0.0
5247IM0108579,0.0
5247IM0108582,0.0
5247IM0108584,0.0
5247IM0108585,0.0
5247IM0108586,0.0
5247IM0108588,0.0
5247IM0108595,0.0
5247IM0108596,0.0
5247IM0108599,0.0
5247IM0108619,0.0
5247IM0108649,0.0
5247IM0108666,0.0
5247IM0108675,0.0
5247IM0108685,0.0
5247IM0108769,0.0
5247IM0108818,0.0
5247IM0111142,0.0
5247IM0112702,0.0
5247IM0112798,0.0
5247IM0112799,0.0
5247IM0112800,0.0
5247IM0112809,0.0
5247IM0123657,0.0
5247IM0198224,0.0
5247IM0198231,0.0
5247IM0198237,0.0
5247IM0198394,0.0
5248IM0108200,139.8
5248IM0108204,152.9
5248IM0108205,0.0
5248IM0108206,291.6
5248IM0108207,3.1
5248IM0108209,197.1
5248IM0108211,26.4
5248IM0108217,34.6
5248IM0108219,83.6
5248IM0108220,1029.0
5248IM0108221,344.4
5248IM0108223,94.6
5248IM0108224,547.4
5248IM0108226,824.0
5248IM0108236,181.2
5248IM0108237,272.8
5248IM0108239,182.7
5248IM0108241,0.0
5248IM0108242,582.6
5248IM0108322,162.5
5248IM0108402,286.4
5248IM0108404,88.8
5248IM0108488,337.9
5248IM0108686,10.0
5248IM0108769,339.0
5249IMN108219,1.4
5249IMN108220,-0.1
5249IMN108223,0.0
5249IMN108224,0.0
5249IMN108226,0.0
5249IMN108232,0.0
5249IMN108233,0.0
5249IMN108237,0.0
5249IMN108263,0.0
5249IMN108387,0.0
5249IMN108685,1.0
5249IMN1A8206,0.1
5249IMN1G8206,0.0
5249IMN1S8206,0.0
5250IMO108200,0.0
5250IMO108203,0.0
5250IMO108204,0.0
5250IMO108205,0.0
5250IMO108206,0.0
5250IMO108220,0.0
5250IMO108223,0.0
5250IMO108224,0.0
5250IMO108227,0.0
5250IMO108233,0.0
5250IMO108238,0.0
5250IMO108242,0.0
5250IMO108290,0.0
5250IMO108319,0.0
5250IMO108329,0.0
5250IMO108588,0.0
5250IMO108596,0.0
5250IMO108599,0.0
5250IMO108602,0.0
5250IMO108603,0.0
5250IMO108619,0.0
5250IMO108637,0.0
5250IMO108643,0.0
5250IMO108649,0.0
5250IMO108666,0.0
5250IMO108669,0.0
5250IMO108672,0.0
5250IMO108685,0.0
5251IM0K10060,0.0
5251IM0K10129,0.0
5251IM0K10148,0.0
5251IM0K10180,0.0
5251IM0K10181,0.0
5251IM0K10184,0.0
5251IM0K10185,0.0
5251IM0K10193,0.0
5251IM0K10194,0.0
5251IM0K10195,0.0
5251IM0K10208,0.0
5251IM0K10214,0.0
5251IM0K10217,0.0
5251IM0K10219,0.0
5251IM0K10221,0.0
5251IM0K10235,0.0
5251IM0K10251,0.0
5251IM0K10256,0.0
5251IM0K10268,0.0
5251IM0K10275,0.0
5251IM0K10328,0.0
5251IM0K10445,0.0
5251IM0K10517,0.0
5251IM0K10535,0.0
5251IM0K10562,0.0
5251IM0K10999,0.0
5251IM0K11175,0.0
5251IM0K11182,0.0
5251IM0K11429,0.0
5251IM0K12197,0.0
5251IM0K12587,0.0
5251IM0K13403,0.0
5251IM0K14211,0.0
5251IM0K15138,0.0
5251IM0K16383,0.0
5252IM9H10001,0.0
5252IM9H10002,16.4
5252IM9H10003,0.0
5252IM9H10005,0.0
5252IM9H10011,0.0
5252IM9H10020,0.0
5252IM9H10024,0.0
5252IM9H10025,0.0
5253IMO100BS1,0.0
5253IMO100BS2,0.0
5253IMO100BS4,0.0
5253IMO100BS5,0.0
5253IMO100BS6,0.0
5253IMO100BS9,0.0
5254IM0K12088,0.0
5254IM0K12089,0.0
5254IM0K12090,0.0
5254IM0K12091,0.0
5254IM0K12092,0.0
5254IM0K12093,0.0
5254IM0K12094,0.0
5254IM0K12095,0.0
5254IM0K12096,0.0
5254IM0K12097,0.0
5254IM0K12098,0.0
5254IM0K12099,0.0
5254IM0K12270,0.0
5254IM0K12271,0.0
5254IM0K12272,0.0
5254IM0K12273,0.0
5254IM0K12274,0.0
5254IM0K12275,0.0
5254IM0K12276,0.0
5254IM0K12277,0.0
5254IM0K12278,0.0
5255IM0K10001,5715.105
5255IM0K10002,-496.952
5255IM0K10003,-216.585
5255IM0K10004,-5.07
5255IM0K10005,-117.655
5256IM0K10210,22.2
5256IM0K10290,3.2
5256IM0K10386,111.9
5256IM0K10432,6.4
5256IM0K10465,4.2
5256IM0K10575,115.9
5256IM0K10586,462.6
5256IM0K10590,232.6
5256IM0K10617,38.1
5256IM0K10664,5.6
5256IM0K10685,5.6
5256IM0K10690,68.8
5256IM0K10752,29.2
5256IM0K10795,43.8
5256IM0K10800,13.7
5256IM0K10843,129.7
5256IM0K11302,1.7
5256IM0K12903,168.8
5256IM0K13916,3.3
5260IMD107256,0.0
5260IMD107309,0.0
5260IMD107449,0.0
5260IMD175572,0.0
5260IMD175604,3.0
5260IMD175605,0.0
5260IMD175661,0.0
5260IMD175664,0.0
5261IM1040004,1.35
5261IM1040006,-1.65
5261IM1040007,0.0
5261IM1040008,0.9
5261IM1040009,0.0
5261IM1040014,4.34999
5261IM1040015,0.3
5261IM1040018,-0.6
5261IM1040023,-0.15
5261IM1040024,0.96
5262IM1040001,0.0
5262IM1040004,0.0
5262IM1040006,0.0
5262IM1040007,0.0
5262IM1040008,0.0
5262IM1040009,0.0
5262IM1040012,0.0
5262IM1040014,0.0
5262IM1040015,0.0
5262IM1040016,0.0
5262IM1040017,0.0
5262IM1040018,0.0
5262IM1040022,0.0
5262IM1040023,0.0
5262IM1040024,0.0
5262IM1040026,0.0
5262IM1040099,0.0
5263IM0D11049,0.0
5263IM0D11301,0.0
5263IM0D11370,0.0
5263IM0D11373,0.0
5263IM0D11375,0.0
5263IM0D11745,0.0
5263IM0D15148,0.0
5264IMD182409,8.0
5264IMD182412,12.1
5264IMD182413,85.2
5264IMD182415,0.5
5264IMD182416,9.6
5264IMD182423,16.0
5264IMD182424,0.0
5264IMD182425,0.0
5328AN6021102,0.0
5329AN5021102,1200.0
5330AN5011102,988.3
5400IM1010336,0.0
5400IM1010338,0.0
5400IM1010339,0.0
5400IM1010340,0.0
5400IM1010341,0.0
5400IM1010342,0.0
5400IM1010343,0.0
5400IM1010344,0.0
5400IM1010347,0.0
5401IM1010200,0.0
5401IM1010204,0.0
5401IM1010206,0.0
5401IM1010207,0.0
5401IM1010209,0.0
5401IM1010219,0.0
5401IM1010220,0.0
5401IM1010223,0.0
5401IM1010224,0.0
5401IM1010225,0.0
5401IM1010226,0.0
5401IM1010228,0.0
5401IM1010232,0.0
5401IM1010233,0.0
5401IM1010234,0.0
5401IM1010237,0.0
5401IM1010242,0.0
5402IM1010100,0.0
5402IM1010101,0.0
5402IM1010102,0.0
5402IM1010103,0.0
5402IM1010104,0.0
5402IM1010105,0.0
5402IM1010106,0.0
5402IM1010107,0.0
5402IM1010141,0.0
5402IM1010142,0.0
5402IM1010143,0.0
5402IM1010144,0.0
5402IM1010169,0.0
5402IM1010171,0.0
5500IM9010002,0.0
5500IM9010009,0.0
5500IM9010016,0.0
5500IM9010032,0.0
5500IM9010064,0.0
5500IM9010256,0.0
5500IM9010512,0.0
5500IM9016423,0.0
5500IM9016424,0.0
5500IM9016425,0.0
5501IM9010002,78.0
5501IM9010009,0.0
5501IM9010032,0.0
5501IM9010044,0.0
5501IM9010060,60.0
5501IM9010073,120.0
5501IM9010256,0.0
5501IM9010512,0.0
5501IM9016423,90.0
5501IM9016425,0.0
5502IM9010073,0.0
5502IM9011302,0.0
5502IM9012301,0.0
5502IM9012302,0.0
5502IM9012303,0.0
5502IM9012304,0.0
5502IM9012305,0.0
5502IM9012306,0.0
5502IM9012307,0.0
5502IM9016424,0.0
5502IM9018902,0.0
5503IM9010002,0.0
5503IM9010044,0.0
5503IM9010060,0.0
5503IM9010066,0.0
5503IM9010073,0.0
5503IM9010100,0.0
5503IM9010113,0.0
5503IM9010116,0.0
5503IM9010119,0.0
5503IM9010140,0.0
5503IM9010150,0.0
5503IM9010160,0.0
5503IM9010512,0.0
5504IM9050001,0.0
5504IM9050003,0.0
5504IM9050004,0.0
5504IM9050007,0.0
5504IM9050010,0.0
5504IM9050013,0.0
5504IM9050319,0.0
5504IM9050704,0.0
5505IM9050001,0.0
5505IM9050002,0.0
5505IM9050003,0.0
5505IM9050004,0.0
5505IM9050005,0.0
5505IM9050006,0.0
5505IM9050007,0.0
5505IM9050008,0.0
5505IM9050009,0.0
5505IM9050010,0.0
5505IM9050011,0.0
5505IM9050012,0.0
5505IM9050013,0.0
5505IM9050014,0.0
5506IM9010001,0.0
5506IM9010002,0.0
5506IM9010003,0.0
5506IM9010004,0.0
5506IM9010005,0.0
5506IM9010006,0.0
5506IM9010007,0.0
5506IM9010008,0.0
5506IM9010009,0.0
5506IM9010010,0.0
5506IM9010011,0.0
5506IM9010012,0.0
5506IM9010013,0.0
5507IM9010032,0.0
5507IM9010038,0.0
5507IM9010073,0.0
5507IM9010100,0.0
5507IM9010113,0.0
5507IM9010116,0.0
5507IM9010119,0.0
5507IM9010140,0.0
5507IM9010150,0.0
5507IM9010160,0.0
5507IM9010512,0.0
5507IM9010703,0.0
5507IM9010708,0.0
5507IM9010709,0.0
5507IM9010733,0.0
5507IM9010800,0.0
5507IM9011302,0.0
5508IM9010002,0.0
5508IM9010004,0.0
5508IM9010011,0.0
5508IM9010021,0.0
5508IM9010024,0.0
5508IM9010033,0.0
5508IM9010038,0.0
5508IM9010041,0.0
5508IM9010066,0.0
5508IM9010099,0.0
5508IM9010712,0.0
5509IM9010001,0.0
5509IM9010013,0.0
5509IM9010015,0.0
5509IM9010016,0.0
5509IM9010149,0.0
5509IM9010319,0.0
5509IM9010703,0.0
5509IM9010704,0.0
5509IM9014505,0.0
5509IM9016914,0.0
5509IM9016915,0.0
5510IM9010032,0.0
5510IM9010073,0.0
5510IM9010100,0.0
5510IM9010113,0.0
5510IM9010116,0.0
5510IM9010119,0.0
5510IM9010150,0.0
5510IM9010160,0.0
5510IM9010512,0.0
5510IM9010703,0.0
5510IM9010707,0.0
5510IM9010708,0.0
5510IM9010709,0.0
5510IM9010800,0.0
5510IM9011302,0.0
5511IM6010100,0.0
5511IM6010200,0.0
5511IM6010250,0.0
5511IM6010270,0.0
5511IM6010300,0.0
5511IM6010400,0.0
5511IM6010500,0.0
5511IM6010600,0.0
5511IM6010750,0.0
5511IM6010801,0.0
5511IM6010900,0.0
5511IM6010903,0.0
5511IM6011000,0.0
5511IM6011100,0.0
5511IM6015001,0.0
5511IM6015008,0.0
5511IM6015009,0.0
5511IM6015011,0.0
5512IM6032222,0.0
5513IM6022222,11384.45
5514IM2J10001,0.0
5514IM2J10003,0.0
5514IM2J10004,0.0
5514IM2J10006,0.0
5514IM2J10034,0.0
5514IM2J10036,0.0
5514IM2J10037,0.0
5514IM2J10038,0.0
5514IM2J10039,0.0
5514IM2J10040,0.0
5514IM2J10042,0.0
5514IM2J10044,0.0
5514IM2J10045,0.0
5514IM2J10046,0.0
5514IM2J10047,0.0
5515IMK010025,0.0
5515IMK010031,0.0
5515IMK010034,0.0
5515IMK010035,0.0
5515IMK010036,0.0
5515IMK010041,0.0
5515IMK010042,0.0
5515IMK010044,0.0
5515IMK010062,0.0
5516IM2L10001,0.0
5516IM2L10002,0.0
5516IM2L10004,0.0
5516IM2L10006,0.0
5516IM2L10007,0.0
5516IM2L10008,0.0
5516IM2L10012,0.0
5516IM2L10013,0.0
5516IM2L10014,0.0
5516IM2L10016,0.0
5516IM2L10020,0.0
5516IM2L10022,0.0
5516IM2L10060,0.0
5517IM1010020,0.0
5517IM1010021,0.0
5517IM1010022,0.0
5517IM1010023,0.0
5517IM1010024,0.0
5517IM1010025,0.0
5518IM2212622,0.0
5518IM2219016,0.0
5518IM2219106,0.0
5518IM2219107,0.0
5518IM2219108,0.0
5518IM2219109,0.0
5518IM2219110,0.0
5518IM2219113,0.0
5518IM2219114,0.0
5518IM2219116,0.0
5518IM2219117,0.0
5518IM2219118,0.0
5518IM2219122,0.0
5518IM2219126,0.0
5518IM2219128,0.0
5518IM2219131,0.0
5518IM2219132,0.0
5518IM2219134,0.0
5518IM2219220,0.0
5518IM2219221,0.0
5518IM2219222,0.0
5519IM2310105,0.0
5519IM2310110,0.0
5519IM2310111,0.0
5519IM2310112,0.0
5519IM2310113,0.0
5519IM2310114,0.0
5519IM2310115,0.0
5519IM2310116,0.0
5519IM2310117,0.0
5519IM2310118,0.0
5519IM2310119,0.0
5519IM2310120,0.0
5519IM2310122,0.0
5519IM2310124,0.0
5519IM2310125,0.0
5519IM2310126,0.0
5519IM2310127,0.0
5519IM2310128,0.0
5519IM2310129,0.0
5519IM2310130,0.0
5519IM2310131,0.0
5519IM2310132,0.0
5519IM2310133,0.0
5519IM2310134,0.0
5520IMP312216,0.0
5520IMP312217,0.0
5520IMP312219,0.0
5520IMP312221,0.0
5520IMP312224,0.0
5520IMP312227,0.0
5520IMP312228,0.0
5520IMP312230,0.0
5521IM1010530,6.8
5521IM1010572,38.6
5521IM1010718,144.4
5521IM1010740,156.9
5521IM1010831,148.4
5521IM1010862,7.2
5521IM1010875,40.5
5521IM1010888,129.9
5521IM1010910,164.1
5521IM1010935,0.0
5521IM1011302,260.7
5521IM1012903,74.0
5521IM1013602,105.9
5521IM1013902,158.0
5521IM1015204,78.6
5521IM1015502,66.1
5521IM1017007,124.2
5521IM1018902,79.3
5521IM1019102,0.0
5522IM1010205,0.0
5522IM1010829,0.0
5522IM1010875,0.0
5522IM1010888,0.0
5522IM1011227,0.0
5522IM1011302,0.0
5522IM1012903,0.0
5522IM1013602,0.0
5522IM1013916,0.0
5522IM1016902,0.0
5522IM1018801,0.0
5522IM1018808,0.0
5522IM1018809,0.0
5522IM1018811,0.0
5522IM1018812,0.0
5522IM1018814,0.0
5522IM1018817,0.0
5522IM1018820,0.0
5522IM1018823,0.0
5522IM1018827,0.0
5522IM1018830,0.0
5522IM1018834,0.0
5522IM1018835,0.0
5522IM1018836,0.0
5522IM1018837,0.0
5522IM1018838,0.0
5522IM1018840,0.0
5522IM1018902,0.0
5523IM1010888,0.0
5523IM1013602,0.0
5523IM1018902,0.0
5524IM1010138,64.1
5524IM1010148,89.2
5524IM1010158,112.4
5524IM1010168,78.6
5524IM1010178,38.5
5524IM1010188,112.2
5524IM1010198,27.6
5525IMG510130,0.0
5525IMG510205,0.0
5525IMG510214,2.0
5525IMG510219,0.0
5525IMG510225,0.0
5525IMG510229,0.0
5525IMG510300,0.0
5525IMG510439,0.0
5525IMG511102,0.0
5525IMG512903,0.3
5525IMG513401,0.0
5525IMG513602,1.0
5525IMG514850,0.0
5525IMG516215,0.0
5525IMG516402,1.0
5525IMG518672,0.0
5525IMG518902,0.0
5526IMK010101,0.1
5526IMK010119,5.5
5526IMK010304,0.0
5526IMK010503,0.0
5526IMK010504,0.2
5526IMK010507,-0.2
5526IMK013002,2.22
5526IMK013051,3.32
5526IMK013305,0.0
5526IMK013307,4.88
5526IMK013401,3.55
5526IMK013502,4.64
5526IMK013505,5.36
5526IMK013506,5.69
5526IMK013601,4.07
5526IMK013603,-4.55
5526IMK013703,4.43
5526IMK013709,2.81
5526IMK017804,2.0
5526IMK017829,0.0
5526IMK017832,4.2
5526IMK017864,-4.2
5526IMK017865,0.4
5527IM6010003,252.8
5527IM6010007,186.5
5527IM6010008,273.7
5527IM6010009,315.9
5527IM6010014,253.8
5527IM6010028,343.1
5527IM6010029,207.2
5527IM6010033,343.9
5527IM6010048,272.1
5527IM6010049,0.0
5527IM6010064,0.0
5527IM6010071,0.0
5527IM6010080,0.0
5527IM6010081,206.5
5527IM6010092,345.3
5527IM6010122,0.0
5527IM6010128,0.0
5527IM6010148,0.0
5527IM6010205,272.9
5527IM6010209,373.6
5527IM6010216,327.9
5527IM6010229,347.2
5527IM6010279,191.3
5527IM6010439,331.5
5527IM6010728,222.9
5527IM6010730,469.0
5527IM6010875,517.5
5527IM6010888,372.1
5527IM6011102,752.7
5527IM6011281,372.2
5527IM6011302,242.1
5527IM6012302,126.0
5527IM6012903,204.1
5527IM6013401,372.4
5527IM6013602,306.8
5527IM6013902,123.3
5527IM6014850,311.2
5527IM6016210,297.0
5527IM6016213,315.6
5527IM6016215,392.8
5527IM6016902,239.8
5527IM6018102,249.1
5527IM6018257,151.2
5527IM6018259,269.1
5527IM6018902,481.4
5528IMQ200003,700.5
5528IMQ200209,868.5
5528IMQ200225,857.5
5528IMQ200229,525.0
5528IMQ200730,725.5
5528IMQ201102,1470.5
5528IMQ201302,1.0
5528IMQ203401,749.0
5528IMQ203602,689.0
5528IMQ206215,559.0
5528IMQ206402,784.0
5528IMQ208257,990.5
5528IMQ208902,578.5
5529IM0C10007,0.0
5529IM0C10009,0.0
5529IM0C10010,0.0
5529IM0C10015,0.0
5529IM0C10016,0.0
5529IM0C10017,0.0
5529IM0C10025,0.0
5529IM0C10026,0.0
5529IM0C10037,0.0
5529IM0C10043,0.0
5530AN60U1000,0.0
5531PA60U1000,0.0
5532IM6010001,3.6
5532IM6010002,-0.1
5532IM6010003,0.2
5532IM6010004,-0.1
5532IM6010005,-0.1
5532IM6010006,-0.1
5532IM6010007,-2.1
5532IM6010008,-0.2
5533IM6010001,410.0
5533IM6010002,217.5
5533IM6010003,268.6
5533IM6010004,208.9
5533IM6010005,204.2
5533IM6010006,319.0
5533IM6010007,380.0
5533IM6010008,211.2
5533IM6010009,381.7
5533IM6010010,0.0
5533IM6010011,233.9
5533IM6010012,446.9
5533IM6010013,0.0
5533IM6010014,0.0
5534IM2K10611,0.0
5534IM2K10612,0.0
5534IM2K10614,0.0
5534IM2K10616,0.0
5534IM2K10617,0.0
5534IM2K10618,0.0
5534IM2K10619,0.0
5534IM2K10620,0.0
5534IM2K10621,0.0
5534IM2K10622,0.0
5535IMU180001,37.6
5535IMU180002,0.0
5535IMU180003,134.4
5535IMU180004,120.0
5535IMU180005,-2.0
5535IMU180006,-15.2
5535IMU180007,16.8
5535IMU180008,1.6
5535IMU180009,27.6
5535IMU180010,61.2
5535IMU180011,61.6
5535IMU180012,88.0
5535IMU180013,0.0
5535IMU180014,-6.0
5536IM5080001,-2.0
5537IMK010001,100.0
5537IMK010002,80.0
5537IMK010003,60.0
5537IMK010005,39.5
5537IMK010006,60.0
5537IMK010007,40.0
5537IMK010009,50.0
5537IMK010010,50.0
5537IMK010011,40.0
5537IMK010012,50.0
5537IMK010013,49.5
5537IMK010014,40.0
5537IMK010015,50.0
5537IMK010018,60.0
5537IMK010019,39.5
5537IMK010020,80.0
5537IMK010021,70.0
5537IMK010023,60.0
5537IMK010024,70.0
5537IMK010027,80.0
5537IMK010028,40.0
5537IMK010030,50.0
5537IMK010032,79.5
5537IMK010033,50.0
5537IMK010034,60.0
5537IMK010042,60.0
5538IM0F10001,618.5
5538IM0F10002,284.5
5538IM0F10003,899.8
5538IM0F10004,787.7
5538IM0F10005,531.5
5538IM0F10006,690.8
5538IM0F10007,581.4
5538IM0F10008,409.4
5538IM0F10009,593.8
5538IM0F10010,673.5
5538IM0F10011,436.2
5538IM0F10012,528.9
5538IM0F10013,512.6
5538IM0F10014,391.9
5538IM0F10015,566.3
5538IM0F10016,552.7
5538IM0F10017,529.9
5538IM0F10018,676.2
5539IM0F10040,212.4
5539IM0F10041,237.3
5539IM0F10042,227.6
5539IM0F10043,202.1
5539IM0F10044,279.9
5539IM0F10045,181.9
5539IM0F10046,266.4
5539IM0F10047,365.4
5539IM0F10048,211.4
5539IM0F10049,295.1
5540IM0D10001,3.0
5540IM0D10002,51.5
5540IM0D10003,63.4
5540IM0D10004,115.6
5540IM0D10005,28.5
5540IM0D10006,22.4
5540IM0D10007,2.1
5540IM0D10008,20.4
5540IM0D10009,2.5
5540IM0D10010,1.0
5541IM0D10001,-0.7
5541IM0D10002,8.3
5541IM0D10003,0.0
5541IM0D10004,4.7
5541IM0D10005,-1.5
5541IM0D10006,-0.4
5542IM2011302,1315.1
5543IM2011302,189.1
5544YUT116010,-4.5
5545YUT228010,79.5
5546IM3W10001,0.0
5546IM3W10003,0.0
5546IM3W10053,0.0
5546IM3W10068,0.0
5546IM3W10251,0.0
5546IM3W10308,0.0
5546IM3W10552,0.0
5546IM3W10611,0.0
5546IM3W10709,0.0
5546IM3W10718,33.0
5546IM3W10829,1.1
5546IM3W10875,2.9
5546IM3W13602,1.4
5546IM3W13916,5.9
5546IM3W13917,2.0
5546IM3W19300,100.8
5547IMYP10009,0.0
5547IMYP10029,0.0
5547IMYP10104,0.0
5547IMYP10114,0.0
5547IMYP10118,0.0
5547IMYP10205,0.0
5547IMYP10229,0.0
5547IMYP10439,0.0
5547IMYP10730,0.0
5547IMYP10903,0.0
5547IMYP11102,0.0
5547IMYP1112A,0.0
5547IMYP11302,0.0
5547IMYP13401,0.0
5547IMYP13602,0.0
5547IMYP16215,0.0
5547IMYP16402,0.0
5547IMYP18102,0.0
5547IMYP18262,0.0
5547IMYP18902,0.0
5548IM0110003,0.0
5548IM0110033,0.0
5548IM0110205,0.0
5548IM0110439,0.0
5548IM0110712,0.0
5548IM0110772,0.0
5548IM0110811,0.0
5548IM0110831,0.0
5548IM0110875,0.0
5548IM0110882,0.0
5548IM0110888,0.0
5548IM0111102,0.0
5548IM0111302,0.0
5548IM0112502,0.0
5548IM0113102,0.0
5548IM0113202,0.0
5548IM0113602,0.0
5548IM0116202,0.0
5548IM0116210,0.0
5548IM0116215,0.0
5548IM0118102,0.0
5548IM0118257,0.0
5548IM0118259,0.0
5548IM0118262,0.0
5548IM0118902,0.0
5549IMZQ10001,0.0
5549IMZQ10002,0.0
5549IMZQ10003,0.0
5549IMZQ10004,0.0
5549IMZQ10005,0.0
5549IMZQ10006,0.0
5549IMZQ10007,0.0
5549IMZQ10008,0.0
5549IMZQ10009,0.0
5549IMZQ10010,0.0
5549IMZQ10011,0.0
5549IMZQ10012,0.0
5550IM0D10001,0.0
5550IM0D10002,0.0
5550IM0D10005,0.0
5550IM0D10007,0.0
5550IM0D10008,0.0
5550IM0D10009,0.0
5550IM0D10010,0.0
5550IM0D10011,0.0
5550IM0D10012,0.0
5600IMD108923,0.0
5600IMD185801,0.0
5600IMD185802,0.0
5600IMD185804,0.0
5600IMD186300,0.0
5600IMD186301,0.0
5600IMD186302,0.0
5601IMD180430,153.8
5601IMD180431,37.5
5601IMD180432,387.6
5601IMD180433,314.3
5601IMD180434,42.0
5601IMD180437,102.6
5601IMD180440,6.5
5601IMD180563,2.9
5601IMD181117,420.4
5602IMD181306,2.2
5602IMD181307,59.2
5602IMD181309,0.0
5602IMD181310,95.6
5602IMD181311,111.4
5602IMD181315,1.2
5602IMD181316,50.0
5602IMD181317,10.7
5602IMD181318,76.4
5602IMD181319,0.3
5603IMD181179,0.0
5603IMD181180,0.0
5603IMD181182,0.0
5603IMD181184,0.0
5603IMD181187,0.0
5603IMD181189,0.0
5603IMD181191,0.0
5603IMD181193,0.0
5603IMD181194,0.0
5603IMD181195,0.0
5604IMF100130,0.0
5604IMF100207,0.0
5604IMF100208,0.0
5604IMF100214,0.0
5604IMF100217,0.0
5604IMF100219,0.0
5604IMF100229,0.0
5604IMF100236,0.0
5604IMF100300,0.0
5604IMF103323,0.0
5604IMF103655,0.0
5604IMF104240,0.0
5604IMF106383,0.0
5604IMF106578,0.0
5604IMF106964,0.0
5605IMD180837,26.6
5605IMD180838,0.0
5605IMD181027,485.8
5605IMD181028,0.0
5605IMD181030,0.0
5605IMD181031,484.7
5605IMD181032,0.0
5605IMD181323,54.7
5605IMD181324,1.9
5605IMD181325,0.0
5605IMD181326,0.0
5605IMD181327,307.0
5605IMD181490,85.7
5605IMD181617,324.3
5606IMR100001,0.0
5606IMR100003,0.0
5606IMR100004,0.0
5606IMR100005,0.0
5606IMR100006,0.0
5606IMR100007,0.0
5606IMR100008,0.0
5606IMR100009,0.0
5606IMR100010,0.0
5606IMR100012,0.0
5606IMR100013,0.0
5606IMR100014,0.0
5606IMR100017,0.0
5607IME107320,0.0
5607IME107511,0.0
5607IME107598,0.0
5607IME107600,0.0
5607IME107602,0.0
5607IME107653,0.0
5607IME107792,0.0
5607IME107793,0.0
5607IME107794,0.0
5607IME107795,0.0
5607IME107796,0.0
5607IME175532,0.0
5607IME175533,0.0
5607IME175536,0.0
5607IME175786,0.0
5608IM0J10222,0.0
5608IM0J11130,0.0
5608IM0J11193,0.0
5608IM0J12146,0.0
5608IM0J13151,0.0
5608IM0J13152,0.0
5608IM0J13153,0.0
5608IM0J13158,0.0
5608IM0J13162,0.0
5608IM0J16844,0.0
5609IMD186829,0.0
5609IMD186831,0.5
5609IMD186833,0.0
5609IMD186837,0.0
5609IMD186838,0.0
5609IMD186839,0.0
5609IMD186841,0.0
5609IMD187095,31.4
5609IMD187096,18.5
5610IME186584,8.0
5610IME186585,2.5
5610IME186590,0.0
5610IME186593,0.0
5610IME186595,0.0
5610IME186602,0.0
5610IME186635,0.0
5610IME186637,0.0
5610IME186751,0.0
5610IME186753,0.0
5610IME186754,0.0
5611IME110217,0.0
5611IME110221,1.4
5611IME110567,0.0
5611IME112273,0.0
5611IME112276,0.0
5611IME114109,0.0
5612IMM100208,0.6
5612IMM101655,0.0
5612IMM101936,0.0
5612IMM102931,0.0
5612IMM103405,2.4
5612IMM106807,0.0
5612IMM110715,0.0
5612IMM110720,0.0
5612IMM110721,0.0
5613IM0D10116,413.1
5613IM0D10129,40.1
5613IM0D10148,254.0
5613IM0D10181,115.6
5613IM0D10184,479.5
5613IM0D10194,122.5
5613IM0D10195,88.5
5613IM0D10207,652.5
5613IM0D10208,539.5
5613IM0D10214,537.0
5613IM0D10215,287.5
5613IM0D10217,1513.5
5613IM0D10219,635.0
5613IM0D10221,519.5
5613IM0D10235,477.0
5613IM0D10256,587.5
5613IM0D10275,339.2
5613IM0D10328,591.0
5613IM0D10647,261.0
5613IM0D10888,184.6
5613IM0D10999,439.5
5613IM0D11036,157.0
5613IM0D11175,733.0
5613IM0D11182,342.0
5613IM0D11255,99.1
5613IM0D11291,251.0
5613IM0D12244,315.0
5614IM0D10091,1048.0
5614IM0D10092,705.2
5614IM0D10093,538.1
5614IM0D10094,0.0
5614IM0D10095,9.1
5614IM0D10096,550.8
5614IM0D10097,86.0
5614IM0D10098,271.5
5614IM0D10099,589.3
5615IMD100208,582.3
5615IMD100214,0.0
5615IMD100215,214.5
5615IMD100217,85.4
5615IMD100229,0.0
5615IMD100247,193.0
5615IMD100256,0.0
5615IMD101036,202.1
5615IMD101199,207.2
5615IMD101291,0.0
5615IMD101292,0.0
5615IMD102197,271.7
5615IMD102587,270.7
5615IMD103641,180.7
5615IMD104895,50.4
5615IMD110094,76.7
5615IMD123070,294.1
5615IMD199054,240.0
5616IM6022222,1460.0
5617IM8X10001,226.5
5617IM8X10002,131.7
5617IM8X10003,167.0
5617IM8X10004,230.8
5617IM8X10006,233.9
5617IM8X10007,213.7
5617IM8X10008,144.5
5617IM8X10009,142.4
5617IM8X10010,149.1
5617IM8X10011,285.1
5618IMOR10001,221.8
5618IMOR10002,241.6
5618IMOR10003,166.9
5618IMOR10004,94.1
5618IMOR10005,228.6
5618IMOR10006,121.5
5618IMOR10007,87.9
5618IMOR10008,219.5
5618IMOR10009,0.0
5618IMOR10010,122.3
HILACHAS     ,-258.684
PISTUF0000001,30.0
PROMO1       ,-1.0
PROMO2       ,-20.0
PROMO3       ,-53.0
PROMO4       ,73.0
PROMO5       ,0.0
PROMO6       ,0.0
PROMO7       ,76.0
PROMO8       ,87.0
SEGUNDA      ,-612.893
SEGUNDA2     ,0.0
SEGUNDA3     ,-1.48
SEGUNDA4     ,-53.675
TELTUF0000103,237.5
TELTUF0000155,116.0
TELTUF0000420,54.0
TRAPILLOESTMP,0.0
TRAPILLOLISOS,0.0
